{
  "data": [
    {
      "pb": "45.0",
      "-3 SD": "1.9",
      "-2 SD": "2.1",
      "-1 SD": "2.3",
      "Median": "2.5",
      "+1 SD": "2.7",
      "+2 SD": "3.0",
      "+3 SD": "3.3"
    },
    {
      "pb": "45.5",
      "-3 SD": "2.0",
      "-2 SD": "2.1",
      "-1 SD": "2.3",
      "Median": "2.5",
      "+1 SD": "2.8",
      "+2 SD": "3.1",
      "+3 SD": "3.4"
    },
    {
      "pb": "46.0",
      "-3 SD": "2.0",
      "-2 SD": "2.2",
      "-1 SD": "2.4",
      "Median": "2.6",
      "+1 SD": "2.9",
      "+2 SD": "3.2",
      "+3 SD": "3.5"
    },
    {
      "pb": "46.5",
      "-3 SD": "2.1",
      "-2 SD": "2.3",
      "-1 SD": "2.5",
      "Median": "2.7",
      "+1 SD": "3.0",
      "+2 SD": "3.3",
      "+3 SD": "3.6"
    },
    {
      "pb": "47.0",
      "-3 SD": "2.2",
      "-2 SD": "2.4",
      "-1 SD": "2.6",
      "Median": "2.8",
      "+1 SD": "3.1",
      "+2 SD": "3.4",
      "+3 SD": "3.7"
    },
    {
      "pb": "47.5",
      "-3 SD": "2.2",
      "-2 SD": "2.4",
      "-1 SD": "2.6",
      "Median": "2.9",
      "+1 SD": "3.2",
      "+2 SD": "3.5",
      "+3 SD": "3.8"
    },
    {
      "pb": "48.0",
      "-3 SD": "2.3",
      "-2 SD": "2.5",
      "-1 SD": "2.7",
      "Median": "3.0",
      "+1 SD": "3.3",
      "+2 SD": "3.6",
      "+3 SD": "4.0"
    },
    {
      "pb": "48.5",
      "-3 SD": "2.4",
      "-2 SD": "2.6",
      "-1 SD": "2.8",
      "Median": "3.1",
      "+1 SD": "3.4",
      "+2 SD": "3.7",
      "+3 SD": "4.1"
    },
    {
      "pb": "49.0",
      "-3 SD": "2.4",
      "-2 SD": "2.6",
      "-1 SD": "2.9",
      "Median": "3.2",
      "+1 SD": "3.5",
      "+2 SD": "3.8",
      "+3 SD": "4.2"
    },
    {
      "pb": "49.5",
      "-3 SD": "2.5",
      "-2 SD": "2.7",
      "-1 SD": "3.0",
      "Median": "3.3",
      "+1 SD": "3.6",
      "+2 SD": "3.9",
      "+3 SD": "4.3"
    },
    {
      "pb": "50.0",
      "-3 SD": "2.6",
      "-2 SD": "2.8",
      "-1 SD": "3.1",
      "Median": "3.4",
      "+1 SD": "3.7",
      "+2 SD": "4.0",
      "+3 SD": "4.5"
    },
    {
      "pb": "50.5",
      "-3 SD": "2.7",
      "-2 SD": "2.9",
      "-1 SD": "3.2",
      "Median": "3.5",
      "+1 SD": "3.8",
      "+2 SD": "4.2",
      "+3 SD": "4.6"
    },
    {
      "pb": "51.0",
      "-3 SD": "2.8",
      "-2 SD": "3.0",
      "-1 SD": "3.3",
      "Median": "3.6",
      "+1 SD": "3.9",
      "+2 SD": "4.3",
      "+3 SD": "4.8"
    },
    {
      "pb": "51.5",
      "-3 SD": "2.8",
      "-2 SD": "3.1",
      "-1 SD": "3.4",
      "Median": "3.7",
      "+1 SD": "4.0",
      "+2 SD": "4.4",
      "+3 SD": "4.9"
    },
    {
      "pb": "52.0",
      "-3 SD": "2.9",
      "-2 SD": "3.2",
      "-1 SD": "3.5",
      "Median": "3.8",
      "+1 SD": "4.2",
      "+2 SD": "4.6",
      "+3 SD": "5.1"
    },
    {
      "pb": "52.5",
      "-3 SD": "3.0",
      "-2 SD": "3.3",
      "-1 SD": "3.6",
      "Median": "3.9",
      "+1 SD": "4.3",
      "+2 SD": "4.7",
      "+3 SD": "5.2"
    },
    {
      "pb": "53.0",
      "-3 SD": "3.1",
      "-2 SD": "3.4",
      "-1 SD": "3.7",
      "Median": "4.0",
      "+1 SD": "4.4",
      "+2 SD": "4.9",
      "+3 SD": "5.4"
    },
    {
      "pb": "53.5",
      "-3 SD": "3.2",
      "-2 SD": "3.5",
      "-1 SD": "3.8",
      "Median": "4.2",
      "+1 SD": "4.6",
      "+2 SD": "5.0",
      "+3 SD": "5.5"
    },
    {
      "pb": "54.0",
      "-3 SD": "3.3",
      "-2 SD": "3.6",
      "-1 SD": "3.9",
      "Median": "4.3",
      "+1 SD": "4.7",
      "+2 SD": "5.2",
      "+3 SD": "5.7"
    },
    {
      "pb": "54.5",
      "-3 SD": "3.4",
      "-2 SD": "3.7",
      "-1 SD": "4.0",
      "Median": "4.4",
      "+1 SD": "4.8",
      "+2 SD": "5.3",
      "+3 SD": "5.9"
    },
    {
      "pb": "55.0",
      "-3 SD": "3.5",
      "-2 SD": "3.8",
      "-1 SD": "4.2",
      "Median": "4.5",
      "+1 SD": "5.0",
      "+2 SD": "5.5",
      "+3 SD": "6.1"
    },
    {
      "pb": "55.5",
      "-3 SD": "3.6",
      "-2 SD": "3.9",
      "-1 SD": "4.3",
      "Median": "4.7",
      "+1 SD": "5.1",
      "+2 SD": "5.7",
      "+3 SD": "6.3"
    },
    {
      "pb": "56.0",
      "-3 SD": "3.7",
      "-2 SD": "4.0",
      "-1 SD": "4.4",
      "Median": "4.8",
      "+1 SD": "5.3",
      "+2 SD": "5.8",
      "+3 SD": "6.4"
    },
    {
      "pb": "56.5",
      "-3 SD": "3.8",
      "-2 SD": "4.1",
      "-1 SD": "4.5",
      "Median": "5.0",
      "+1 SD": "5.4",
      "+2 SD": "6.0",
      "+3 SD": "6.6"
    },
    {
      "pb": "57.0",
      "-3 SD": "3.9",
      "-2 SD": "4.3",
      "-1 SD": "4.6",
      "Median": "5.1",
      "+1 SD": "5.6",
      "+2 SD": "6.1",
      "+3 SD": "6.8"
    },
    {
      "pb": "57.5",
      "-3 SD": "4.0",
      "-2 SD": "4.4",
      "-1 SD": "4.8",
      "Median": "5.2",
      "+1 SD": "5.7",
      "+2 SD": "6.3",
      "+3 SD": "7.0"
    },
    {
      "pb": "58.0",
      "-3 SD": "4.1",
      "-2 SD": "4.5",
      "-1 SD": "4.9",
      "Median": "5.4",
      "+1 SD": "5.9",
      "+2 SD": "6.5",
      "+3 SD": "7.1"
    },
    {
      "pb": "58.5",
      "-3 SD": "4.2",
      "-2 SD": "4.6",
      "-1 SD": "5.0",
      "Median": "5.5",
      "+1 SD": "6.0",
      "+2 SD": "6.6",
      "+3 SD": "7.3"
    },
    {
      "pb": "59.0",
      "-3 SD": "4.3",
      "-2 SD": "4.7",
      "-1 SD": "5.1",
      "Median": "5.6",
      "+1 SD": "6.2",
      "+2 SD": "6.8",
      "+3 SD": "7.5"
    },
    {
      "pb": "59.5",
      "-3 SD": "4.4",
      "-2 SD": "4.8",
      "-1 SD": "5.3",
      "Median": "5.7",
      "+1 SD": "6.3",
      "+2 SD": "6.9",
      "+3 SD": "7.7"
    },
    {
      "pb": "60.0",
      "-3 SD": "4.5",
      "-2 SD": "4.9",
      "-1 SD": "5.4",
      "Median": "5.9",
      "+1 SD": "6.4",
      "+2 SD": "7.1",
      "+3 SD": "7.8"
    },
    {
      "pb": "60.5",
      "-3 SD": "4.6",
      "-2 SD": "5.0",
      "-1 SD": "5.5",
      "Median": "6.0",
      "+1 SD": "6.6",
      "+2 SD": "7.3",
      "+3 SD": "8.0"
    },
    {
      "pb": "61.0",
      "-3 SD": "4.7",
      "-2 SD": "5.1",
      "-1 SD": "5.6",
      "Median": "6.1",
      "+1 SD": "6.7",
      "+2 SD": "7.4",
      "+3 SD": "8.2"
    },
    {
      "pb": "61.5",
      "-3 SD": "4.8",
      "-2 SD": "5.2",
      "-1 SD": "5.7",
      "Median": "6.3",
      "+1 SD": "6.9",
      "+2 SD": "7.6",
      "+3 SD": "8.4"
    },
    {
      "pb": "62.0",
      "-3 SD": "4.9",
      "-2 SD": "5.3",
      "-1 SD": "5.8",
      "Median": "6.4",
      "+1 SD": "7.0",
      "+2 SD": "7.7",
      "+3 SD": "8.5"
    },
    {
      "pb": "62.5",
      "-3 SD": "5.0",
      "-2 SD": "5.4",
      "-1 SD": "5.9",
      "Median": "6.5",
      "+1 SD": "7.1",
      "+2 SD": "7.8",
      "+3 SD": "8.7"
    },
    {
      "pb": "63.0",
      "-3 SD": "5.1",
      "-2 SD": "5.5",
      "-1 SD": "6.0",
      "Median": "6.6",
      "+1 SD": "7.3",
      "+2 SD": "8.0",
      "+3 SD": "8.8"
    },
    {
      "pb": "63.5",
      "-3 SD": "5.2",
      "-2 SD": "5.6",
      "-1 SD": "6.2",
      "Median": "6.7",
      "+1 SD": "7.4",
      "+2 SD": "8.1",
      "+3 SD": "9.0"
    },
    {
      "pb": "64.0",
      "-3 SD": "5.3",
      "-2 SD": "5.7",
      "-1 SD": "6.3",
      "Median": "6.9",
      "+1 SD": "7.5",
      "+2 SD": "8.3",
      "+3 SD": "9.1"
    },
    {
      "pb": "64.5",
      "-3 SD": "5.4",
      "-2 SD": "5.8",
      "-1 SD": "6.4",
      "Median": "7.0",
      "+1 SD": "7.6",
      "+2 SD": "8.4",
      "+3 SD": "9.3"
    },
    {
      "pb": "65.0",
      "-3 SD": "5.5",
      "-2 SD": "5.9",
      "-1 SD": "6.5",
      "Median": "7.1",
      "+1 SD": "7.8",
      "+2 SD": "8.6",
      "+3 SD": "9.5"
    },
    {
      "pb": "65.5",
      "-3 SD": "5.5",
      "-2 SD": "6.0",
      "-1 SD": "6.6",
      "Median": "7.2",
      "+1 SD": "7.9",
      "+2 SD": "8.7",
      "+3 SD": "9.6"
    },
    {
      "pb": "66.0",
      "-3 SD": "5.6",
      "-2 SD": "6.1",
      "-1 SD": "6.7",
      "Median": "7.3",
      "+1 SD": "8.0",
      "+2 SD": "8.8",
      "+3 SD": "9.8"
    },
    {
      "pb": "66.5",
      "-3 SD": "5.7",
      "-2 SD": "6.2",
      "-1 SD": "6.8",
      "Median": "7.4",
      "+1 SD": "8.1",
      "+2 SD": "9.0",
      "+3 SD": "9.9"
    },
    {
      "pb": "67.0",
      "-3 SD": "5.8",
      "-2 SD": "6.3",
      "-1 SD": "6.9",
      "Median": "7.5",
      "+1 SD": "8.3",
      "+2 SD": "9.1",
      "+3 SD": "10.0"
    },
    {
      "pb": "67.5",
      "-3 SD": "5.9",
      "-2 SD": "6.4",
      "-1 SD": "7.0",
      "Median": "7.6",
      "+1 SD": "8.4",
      "+2 SD": "9.2",
      "+3 SD": "10.2"
    },
    {
      "pb": "68.0",
      "-3 SD": "6.0",
      "-2 SD": "6.5",
      "-1 SD": "7.1",
      "Median": "7.7",
      "+1 SD": "8.5",
      "+2 SD": "9.4",
      "+3 SD": "10.3"
    },
    {
      "pb": "68.5",
      "-3 SD": "6.1",
      "-2 SD": "6.6",
      "-1 SD": "7.2",
      "Median": "7.9",
      "+1 SD": "8.6",
      "+2 SD": "9.5",
      "+3 SD": "10.5"
    },
    {
      "pb": "69.0",
      "-3 SD": "6.1",
      "-2 SD": "6.7",
      "-1 SD": "7.3",
      "Median": "8.0",
      "+1 SD": "8.7",
      "+2 SD": "9.6",
      "+3 SD": "10.6"
    },
    {
      "pb": "69.5",
      "-3 SD": "6.2",
      "-2 SD": "6.8",
      "-1 SD": "7.4",
      "Median": "8.1",
      "+1 SD": "8.8",
      "+2 SD": "9.7",
      "+3 SD": "10.7"
    },
    {
      "pb": "70.0",
      "-3 SD": "6.3",
      "-2 SD": "6.9",
      "-1 SD": "7.5",
      "Median": "8.2",
      "+1 SD": "9.0",
      "+2 SD": "9.9",
      "+3 SD": "10.9"
    },
    {
      "pb": "70.5",
      "-3 SD": "6.4",
      "-2 SD": "6.9",
      "-1 SD": "7.6",
      "Median": "8.3",
      "+1 SD": "9.1",
      "+2 SD": "10.0",
      "+3 SD": "11.0"
    },
    {
      "pb": "71.0",
      "-3 SD": "6.5",
      "-2 SD": "7.0",
      "-1 SD": "7.7",
      "Median": "8.4",
      "+1 SD": "9.2",
      "+2 SD": "10.1",
      "+3 SD": "11.1"
    },
    {
      "pb": "71.5",
      "-3 SD": "6.5",
      "-2 SD": "7.1",
      "-1 SD": "7.7",
      "Median": "8.5",
      "+1 SD": "9.3",
      "+2 SD": "10.2",
      "+3 SD": "11.3"
    },
    {
      "pb": "72.0",
      "-3 SD": "6.6",
      "-2 SD": "7.2",
      "-1 SD": "7.8",
      "Median": "8.6",
      "+1 SD": "9.4",
      "+2 SD": "10.3",
      "+3 SD": "11.4"
    },
    {
      "pb": "72.5",
      "-3 SD": "6.7",
      "-2 SD": "7.3",
      "-1 SD": "7.9",
      "Median": "8.7",
      "+1 SD": "9.5",
      "+2 SD": "10.5",
      "+3 SD": "11.5"
    },
    {
      "pb": "73.0",
      "-3 SD": "6.8",
      "-2 SD": "7.4",
      "-1 SD": "8.0",
      "Median": "8.8",
      "+1 SD": "9.6",
      "+2 SD": "10.6",
      "+3 SD": "11.7"
    },
    {
      "pb": "73.5",
      "-3 SD": "6.9",
      "-2 SD": "7.4",
      "-1 SD": "8.1",
      "Median": "8.9",
      "+1 SD": "9.7",
      "+2 SD": "10.7",
      "+3 SD": "11.8"
    },
    {
      "pb": "74.0",
      "-3 SD": "6.9",
      "-2 SD": "7.5",
      "-1 SD": "8.2",
      "Median": "9.0",
      "+1 SD": "9.8",
      "+2 SD": "10.8",
      "+3 SD": "11.9"
    },
    {
      "pb": "74.5",
      "-3 SD": "7.0",
      "-2 SD": "7.6",
      "-1 SD": "8.3",
      "Median": "9.1",
      "+1 SD": "9.9",
      "+2 SD": "10.9",
      "+3 SD": "12.0"
    },
    {
      "pb": "75.0",
      "-3 SD": "7.1",
      "-2 SD": "7.7",
      "-1 SD": "8.4",
      "Median": "9.1",
      "+1 SD": "10.0",
      "+2 SD": "11.0",
      "+3 SD": "12.2"
    },
    {
      "pb": "75.5",
      "-3 SD": "7.1",
      "-2 SD": "7.8",
      "-1 SD": "8.5",
      "Median": "9.2",
      "+1 SD": "10.1",
      "+2 SD": "11.1",
      "+3 SD": "12.3"
    },
    {
      "pb": "76.0",
      "-3 SD": "7.2",
      "-2 SD": "7.8",
      "-1 SD": "8.5",
      "Median": "9.3",
      "+1 SD": "10.2",
      "+2 SD": "11.2",
      "+3 SD": "12.4"
    },
    {
      "pb": "76.5",
      "-3 SD": "7.3",
      "-2 SD": "7.9",
      "-1 SD": "8.6",
      "Median": "9.4",
      "+1 SD": "10.3",
      "+2 SD": "11.4",
      "+3 SD": "12.5"
    },
    {
      "pb": "77.0",
      "-3 SD": "7.4",
      "-2 SD": "8.0",
      "-1 SD": "8.7",
      "Median": "9.5",
      "+1 SD": "10.4",
      "+2 SD": "11.5",
      "+3 SD": "12.6"
    },
    {
      "pb": "77.5",
      "-3 SD": "7.4",
      "-2 SD": "8.1",
      "-1 SD": "8.8",
      "Median": "9.6",
      "+1 SD": "10.5",
      "+2 SD": "11.6",
      "+3 SD": "12.8"
    },
    {
      "pb": "78.0",
      "-3 SD": "7.5",
      "-2 SD": "8.2",
      "-1 SD": "8.9",
      "Median": "9.7",
      "+1 SD": "10.6",
      "+2 SD": "11.7",
      "+3 SD": "12.9"
    },
    {
      "pb": "78.5",
      "-3 SD": "7.6",
      "-2 SD": "8.2",
      "-1 SD": "9.0",
      "Median": "9.8",
      "+1 SD": "10.7",
      "+2 SD": "11.8",
      "+3 SD": "13.0"
    },
    {
      "pb": "79.0",
      "-3 SD": "7.7",
      "-2 SD": "8.3",
      "-1 SD": "9.1",
      "Median": "9.9",
      "+1 SD": "10.8",
      "+2 SD": "11.9",
      "+3 SD": "13.1"
    },
    {
      "pb": "79.5",
      "-3 SD": "7.7",
      "-2 SD": "8.4",
      "-1 SD": "9.1",
      "Median": "10.0",
      "+1 SD": "10.9",
      "+2 SD": "12.0",
      "+3 SD": "13.3"
    },
    {
      "pb": "80.0",
      "-3 SD": "7.8",
      "-2 SD": "8.5",
      "-1 SD": "9.2",
      "Median": "10.1",
      "+1 SD": "11.0",
      "+2 SD": "12.1",
      "+3 SD": "13.4"
    },
    {
      "pb": "80.5",
      "-3 SD": "7.9",
      "-2 SD": "8.6",
      "-1 SD": "9.3",
      "Median": "10.2",
      "+1 SD": "11.2",
      "+2 SD": "12.3",
      "+3 SD": "13.5"
    },
    {
      "pb": "81.0",
      "-3 SD": "8.0",
      "-2 SD": "8.7",
      "-1 SD": "9.4",
      "Median": "10.3",
      "+1 SD": "11.3",
      "+2 SD": "12.4",
      "+3 SD": "13.7"
    },
    {
      "pb": "81.5",
      "-3 SD": "8.1",
      "-2 SD": "8.8",
      "-1 SD": "9.5",
      "Median": "10.4",
      "+1 SD": "11.4",
      "+2 SD": "12.5",
      "+3 SD": "13.8"
    },
    {
      "pb": "82.0",
      "-3 SD": "8.1",
      "-2 SD": "8.8",
      "-1 SD": "9.6",
      "Median": "10.5",
      "+1 SD": "11.5",
      "+2 SD": "12.6",
      "+3 SD": "13.9"
    },
    {
      "pb": "82.5",
      "-3 SD": "8.2",
      "-2 SD": "8.9",
      "-1 SD": "9.7",
      "Median": "10.6",
      "+1 SD": "11.6",
      "+2 SD": "12.8",
      "+3 SD": "14.1"
    },
    {
      "pb": "83.0",
      "-3 SD": "8.3",
      "-2 SD": "9.0",
      "-1 SD": "9.8",
      "Median": "10.7",
      "+1 SD": "11.8",
      "+2 SD": "12.9",
      "+3 SD": "14.2"
    },
    {
      "pb": "83.5",
      "-3 SD": "8.4",
      "-2 SD": "9.1",
      "-1 SD": "9.9",
      "Median": "10.9",
      "+1 SD": "11.9",
      "+2 SD": "13.1",
      "+3 SD": "14.4"
    },
    {
      "pb": "84.0",
      "-3 SD": "8.5",
      "-2 SD": "9.2",
      "-1 SD": "10.1",
      "Median": "11.0",
      "+1 SD": "12.0",
      "+2 SD": "13.2",
      "+3 SD": "14.5"
    },
    {
      "pb": "84.5",
      "-3 SD": "8.6",
      "-2 SD": "9.3",
      "-1 SD": "10.2",
      "Median": "11.1",
      "+1 SD": "12.1",
      "+2 SD": "13.3",
      "+3 SD": "14.7"
    },
    {
      "pb": "85.0",
      "-3 SD": "8.7",
      "-2 SD": "9.4",
      "-1 SD": "10.3",
      "Median": "11.2",
      "+1 SD": "12.3",
      "+2 SD": "13.5",
      "+3 SD": "14.9"
    },
    {
      "pb": "85.5",
      "-3 SD": "8.8",
      "-2 SD": "9.5",
      "-1 SD": "10.4",
      "Median": "11.3",
      "+1 SD": "12.4",
      "+2 SD": "13.6",
      "+3 SD": "15.0"
    },
    {
      "pb": "86.0",
      "-3 SD": "8.9",
      "-2 SD": "9.7",
      "-1 SD": "10.5",
      "Median": "11.5",
      "+1 SD": "12.6",
      "+2 SD": "13.8",
      "+3 SD": "15.2"
    },
    {
      "pb": "86.5",
      "-3 SD": "9.0",
      "-2 SD": "9.8",
      "-1 SD": "10.6",
      "Median": "11.6",
      "+1 SD": "12.7",
      "+2 SD": "13.9",
      "+3 SD": "15.4"
    },
    {
      "pb": "87.0",
      "-3 SD": "9.1",
      "-2 SD": "9.9",
      "-1 SD": "10.7",
      "Median": "11.7",
      "+1 SD": "12.8",
      "+2 SD": "14.1",
      "+3 SD": "15.5"
    },
    {
      "pb": "87.5",
      "-3 SD": "9.2",
      "-2 SD": "10.0",
      "-1 SD": "10.9",
      "Median": "11.8",
      "+1 SD": "13.0",
      "+2 SD": "14.2",
      "+3 SD": "15.7"
    },
    {
      "pb": "88.0",
      "-3 SD": "9.3",
      "-2 SD": "10.1",
      "-1 SD": "11.0",
      "Median": "12.0",
      "+1 SD": "13.1",
      "+2 SD": "14.4",
      "+3 SD": "15.9"
    },
    {
      "pb": "88.5",
      "-3 SD": "9.4",
      "-2 SD": "10.2",
      "-1 SD": "11.1",
      "Median": "12.1",
      "+1 SD": "13.2",
      "+2 SD": "14.5",
      "+3 SD": "16.0"
    },
    {
      "pb": "89.0",
      "-3 SD": "9.5",
      "-2 SD": "10.3",
      "-1 SD": "11.2",
      "Median": "12.2",
      "+1 SD": "13.4",
      "+2 SD": "14.7",
      "+3 SD": "16.2"
    },
    {
      "pb": "89.5",
      "-3 SD": "9.6",
      "-2 SD": "10.4",
      "-1 SD": "11.3",
      "Median": "12.3",
      "+1 SD": "13.5",
      "+2 SD": "14.8",
      "+3 SD": "16.4"
    },
    {
      "pb": "90.0",
      "-3 SD": "9.7",
      "-2 SD": "10.5",
      "-1 SD": "11.4",
      "Median": "12.5",
      "+1 SD": "13.7",
      "+2 SD": "15.0",
      "+3 SD": "16.5"
    },
    {
      "pb": "90.5",
      "-3 SD": "9.8",
      "-2 SD": "10.6",
      "-1 SD": "11.5",
      "Median": "12.6",
      "+1 SD": "13.8",
      "+2 SD": "15.1",
      "+3 SD": "16.7"
    },
    {
      "pb": "91.0",
      "-3 SD": "9.9",
      "-2 SD": "10.7",
      "-1 SD": "11.7",
      "Median": "12.7",
      "+1 SD": "13.9",
      "+2 SD": "15.3",
      "+3 SD": "16.9"
    },
    {
      "pb": "91.5",
      "-3 SD": "10.0",
      "-2 SD": "10.8",
      "-1 SD": "11.8",
      "Median": "12.8",
      "+1 SD": "14.1",
      "+2 SD": "15.5",
      "+3 SD": "17.0"
    },
    {
      "pb": "92.0",
      "-3 SD": "10.1",
      "-2 SD": "10.9",
      "-1 SD": "11.9",
      "Median": "13.0",
      "+1 SD": "14.2",
      "+2 SD": "15.6",
      "+3 SD": "17.2"
    },
    {
      "pb": "92.5",
      "-3 SD": "10.1",
      "-2 SD": "11.0",
      "-1 SD": "12.0",
      "Median": "13.1",
      "+1 SD": "14.3",
      "+2 SD": "15.8",
      "+3 SD": "17.4"
    },
    {
      "pb": "93.0",
      "-3 SD": "10.2",
      "-2 SD": "11.1",
      "-1 SD": "12.1",
      "Median": "13.2",
      "+1 SD": "14.5",
      "+2 SD": "15.9",
      "+3 SD": "17.5"
    },
    {
      "pb": "93.5",
      "-3 SD": "10.3",
      "-2 SD": "11.2",
      "-1 SD": "12.2",
      "Median": "13.3",
      "+1 SD": "14.6",
      "+2 SD": "16.1",
      "+3 SD": "17.7"
    },
    {
      "pb": "94.0",
      "-3 SD": "10.4",
      "-2 SD": "11.3",
      "-1 SD": "12.3",
      "Median": "13.5",
      "+1 SD": "14.7",
      "+2 SD": "16.2",
      "+3 SD": "17.9"
    },
    {
      "pb": "94.5",
      "-3 SD": "10.5",
      "-2 SD": "11.4",
      "-1 SD": "12.4",
      "Median": "13.6",
      "+1 SD": "14.9",
      "+2 SD": "16.4",
      "+3 SD": "18.0"
    },
    {
      "pb": "95.0",
      "-3 SD": "10.6",
      "-2 SD": "11.5",
      "-1 SD": "12.6",
      "Median": "13.7",
      "+1 SD": "15.0",
      "+2 SD": "16.5",
      "+3 SD": "18.2"
    },
    {
      "pb": "95.5",
      "-3 SD": "10.7",
      "-2 SD": "11.6",
      "-1 SD": "12.7",
      "Median": "13.8",
      "+1 SD": "15.2",
      "+2 SD": "16.7",
      "+3 SD": "18.4"
    },
    {
      "pb": "96.0",
      "-3 SD": "10.8",
      "-2 SD": "11.7",
      "-1 SD": "12.8",
      "Median": "14.0",
      "+1 SD": "15.3",
      "+2 SD": "16.8",
      "+3 SD": "18.6"
    },
    {
      "pb": "96.5",
      "-3 SD": "10.9",
      "-2 SD": "11.8",
      "-1 SD": "12.9",
      "Median": "14.1",
      "+1 SD": "15.4",
      "+2 SD": "17.0",
      "+3 SD": "18.7"
    },
    {
      "pb": "97.0",
      "-3 SD": "11.0",
      "-2 SD": "12.0",
      "-1 SD": "13.0",
      "Median": "14.2",
      "+1 SD": "15.6",
      "+2 SD": "17.1",
      "+3 SD": "18.9"
    },
    {
      "pb": "97.5",
      "-3 SD": "11.1",
      "-2 SD": "12.1",
      "-1 SD": "13.1",
      "Median": "14.4",
      "+1 SD": "15.7",
      "+2 SD": "17.3",
      "+3 SD": "19.1"
    },
    {
      "pb": "98.0",
      "-3 SD": "11.2",
      "-2 SD": "12.2",
      "-1 SD": "13.3",
      "Median": "14.5",
      "+1 SD": "15.9",
      "+2 SD": "17.5",
      "+3 SD": "19.3"
    },
    {
      "pb": "98.5",
      "-3 SD": "11.3",
      "-2 SD": "12.3",
      "-1 SD": "13.4",
      "Median": "14.6",
      "+1 SD": "16.0",
      "+2 SD": "17.6",
      "+3 SD": "19.5"
    },
    {
      "pb": "99.0",
      "-3 SD": "11.4",
      "-2 SD": "12.4",
      "-1 SD": "13.5",
      "Median": "14.8",
      "+1 SD": "16.2",
      "+2 SD": "17.8",
      "+3 SD": "19.6"
    },
    {
      "pb": "99.5",
      "-3 SD": "11.5",
      "-2 SD": "12.5",
      "-1 SD": "13.6",
      "Median": "14.9",
      "+1 SD": "16.3",
      "+2 SD": "18.0",
      "+3 SD": "19.8"
    },
    {
      "pb": "100.0",
      "-3 SD": "11.6",
      "-2 SD": "12.6",
      "-1 SD": "13.7",
      "Median": "15.0",
      "+1 SD": "16.5",
      "+2 SD": "18.1",
      "+3 SD": "20.0"
    },
    {
      "pb": "100.5",
      "-3 SD": "11.7",
      "-2 SD": "12.7",
      "-1 SD": "13.9",
      "Median": "15.2",
      "+1 SD": "16.6",
      "+2 SD": "18.3",
      "+3 SD": "20.2"
    },
    {
      "pb": "101.0",
      "-3 SD": "11.8",
      "-2 SD": "12.8",
      "-1 SD": "14.0",
      "Median": "15.3",
      "+1 SD": "16.8",
      "+2 SD": "18.5",
      "+3 SD": "20.4"
    },
    {
      "pb": "101.5",
      "-3 SD": "11.9",
      "-2 SD": "13.0",
      "-1 SD": "14.1",
      "Median": "15.5",
      "+1 SD": "17.0",
      "+2 SD": "18.7",
      "+3 SD": "20.6"
    },
    {
      "pb": "102.0",
      "-3 SD": "12.0",
      "-2 SD": "13.1",
      "-1 SD": "14.3",
      "Median": "15.6",
      "+1 SD": "17.1",
      "+2 SD": "18.9",
      "+3 SD": "20.8"
    },
    {
      "pb": "102.5",
      "-3 SD": "12.1",
      "-2 SD": "13.2",
      "-1 SD": "14.4",
      "Median": "15.8",
      "+1 SD": "17.3",
      "+2 SD": "19.0",
      "+3 SD": "21.0"
    },
    {
      "pb": "103.0",
      "-3 SD": "12.3",
      "-2 SD": "13.3",
      "-1 SD": "14.5",
      "Median": "15.9",
      "+1 SD": "17.5",
      "+2 SD": "19.2",
      "+3 SD": "21.3"
    },
    {
      "pb": "103.5",
      "-3 SD": "12.4",
      "-2 SD": "13.5",
      "-1 SD": "14.7",
      "Median": "16.1",
      "+1 SD": "17.6",
      "+2 SD": "19.4",
      "+3 SD": "21.5"
    },
    {
      "pb": "104.0",
      "-3 SD": "12.5",
      "-2 SD": "13.6",
      "-1 SD": "14.8",
      "Median": "16.2",
      "+1 SD": "17.8",
      "+2 SD": "19.6",
      "+3 SD": "21.7"
    },
    {
      "pb": "104.5",
      "-3 SD": "12.6",
      "-2 SD": "13.7",
      "-1 SD": "15.0",
      "Median": "16.4",
      "+1 SD": "18.0",
      "+2 SD": "19.8",
      "+3 SD": "21.9"
    },
    {
      "pb": "105.0",
      "-3 SD": "12.7",
      "-2 SD": "13.8",
      "-1 SD": "15.1",
      "Median": "16.5",
      "+1 SD": "18.2",
      "+2 SD": "20.0",
      "+3 SD": "22.2"
    },
    {
      "pb": "105.5",
      "-3 SD": "12.8",
      "-2 SD": "14.0",
      "-1 SD": "15.3",
      "Median": "16.7",
      "+1 SD": "18.4",
      "+2 SD": "20.2",
      "+3 SD": "22.4"
    },
    {
      "pb": "106.0",
      "-3 SD": "13.0",
      "-2 SD": "14.1",
      "-1 SD": "15.4",
      "Median": "16.9",
      "+1 SD": "18.5",
      "+2 SD": "20.5",
      "+3 SD": "22.6"
    },
    {
      "pb": "106.5",
      "-3 SD": "13.1",
      "-2 SD": "14.3",
      "-1 SD": "15.6",
      "Median": "17.1",
      "+1 SD": "18.7",
      "+2 SD": "20.7",
      "+3 SD": "22.9"
    },
    {
      "pb": "107.0",
      "-3 SD": "13.2",
      "-2 SD": "14.4",
      "-1 SD": "15.7",
      "Median": "17.2",
      "+1 SD": "18.9",
      "+2 SD": "20.9",
      "+3 SD": "23.1"
    },
    {
      "pb": "107.5",
      "-3 SD": "13.3",
      "-2 SD": "14.5",
      "-1 SD": "15.9",
      "Median": "17.4",
      "+1 SD": "19.1",
      "+2 SD": "21.1",
      "+3 SD": "23.4"
    },
    {
      "pb": "108.0",
      "-3 SD": "13.5",
      "-2 SD": "14.7",
      "-1 SD": "16.0",
      "Median": "17.6",
      "+1 SD": "19.3",
      "+2 SD": "21.3",
      "+3 SD": "23.6"
    },
    {
      "pb": "108.5",
      "-3 SD": "13.6",
      "-2 SD": "14.8",
      "-1 SD": "16.2",
      "Median": "17.8",
      "+1 SD": "19.5",
      "+2 SD": "21.6",
      "+3 SD": "23.9"
    },
    {
      "pb": "109.0",
      "-3 SD": "13.7",
      "-2 SD": "15.0",
      "-1 SD": "16.4",
      "Median": "18.0",
      "+1 SD": "19.7",
      "+2 SD": "21.8",
      "+3 SD": "24.2"
    },
    {
      "pb": "109.5",
      "-3 SD": "13.9",
      "-2 SD": "15.1",
      "-1 SD": "16.5",
      "Median": "18.1",
      "+1 SD": "20.0",
      "+2 SD": "22.0",
      "+3 SD": "24.4"
    },
    {
      "pb": "110.0",
      "-3 SD": "14.0",
      "-2 SD": "15.3",
      "-1 SD": "16.7",
      "Median": "18.3",
      "+1 SD": "20.2",
      "+2 SD": "22.3",
      "+3 SD": "24.7"
    }
  ]
}
