{
  "data": [
    {
      "pb": "65.0",
      "-3 SD": "5.9",
      "-2 SD": "6.3",
      "-1 SD": "6.9",
      "Median": "7.4",
      "+1 SD": "8.1",
      "+2 SD": "8.8",
      "+3 SD": "9.6"
    },
    {
      "pb": "65.5",
      "-3 SD": "6.0",
      "-2 SD": "6.4",
      "-1 SD": "7.0",
      "Median": "7.6",
      "+1 SD": "8.2",
      "+2 SD": "8.9",
      "+3 SD": "9.8"
    },
    {
      "pb": "66.0",
      "-3 SD": "6.1",
      "-2 SD": "6.5",
      "-1 SD": "7.1",
      "Median": "7.7",
      "+1 SD": "8.3",
      "+2 SD": "9.1",
      "+3 SD": "9.9"
    },
    {
      "pb": "66.5",
      "-3 SD": "6.1",
      "-2 SD": "6.6",
      "-1 SD": "7.2",
      "Median": "7.8",
      "+1 SD": "8.5",
      "+2 SD": "9.2",
      "+3 SD": "10.1"
    },
    {
      "pb": "67.0",
      "-3 SD": "6.2",
      "-2 SD": "6.7",
      "-1 SD": "7.3",
      "Median": "7.9",
      "+1 SD": "8.6",
      "+2 SD": "9.4",
      "+3 SD": "10.2"
    },
    {
      "pb": "67.5",
      "-3 SD": "6.3",
      "-2 SD": "6.8",
      "-1 SD": "7.4",
      "Median": "8.0",
      "+1 SD": "8.7",
      "+2 SD": "9.5",
      "+3 SD": "10.4"
    },
    {
      "pb": "68.0",
      "-3 SD": "6.4",
      "-2 SD": "6.9",
      "-1 SD": "7.5",
      "Median": "8.1",
      "+1 SD": "8.8",
      "+2 SD": "9.6",
      "+3 SD": "10.5"
    },
    {
      "pb": "68.5",
      "-3 SD": "6.5",
      "-2 SD": "7.0",
      "-1 SD": "7.6",
      "Median": "8.2",
      "+1 SD": "9.0",
      "+2 SD": "9.8",
      "+3 SD": "10.7"
    },
    {
      "pb": "69.0",
      "-3 SD": "6.6",
      "-2 SD": "7.1",
      "-1 SD": "7.7",
      "Median": "8.4",
      "+1 SD": "9.1",
      "+2 SD": "9.9",
      "+3 SD": "10.8"
    },
    {
      "pb": "69.5",
      "-3 SD": "6.7",
      "-2 SD": "7.2",
      "-1 SD": "7.8",
      "Median": "8.5",
      "+1 SD": "9.2",
      "+2 SD": "10.0",
      "+3 SD": "11.0"
    },
    {
      "pb": "70.0",
      "-3 SD": "6.8",
      "-2 SD": "7.3",
      "-1 SD": "7.9",
      "Median": "8.6",
      "+1 SD": "9.3",
      "+2 SD": "10.2",
      "+3 SD": "11.1"
    },
    {
      "pb": "70.5",
      "-3 SD": "6.9",
      "-2 SD": "7.4",
      "-1 SD": "8.0",
      "Median": "8.7",
      "+1 SD": "9.5",
      "+2 SD": "10.3",
      "+3 SD": "11.3"
    },
    {
      "pb": "71.0",
      "-3 SD": "6.9",
      "-2 SD": "7.5",
      "-1 SD": "8.1",
      "Median": "8.8",
      "+1 SD": "9.6",
      "+2 SD": "10.4",
      "+3 SD": "11.4"
    },
    {
      "pb": "71.5",
      "-3 SD": "7.0",
      "-2 SD": "7.6",
      "-1 SD": "8.2",
      "Median": "8.9",
      "+1 SD": "9.7",
      "+2 SD": "10.6",
      "+3 SD": "11.6"
    },
    {
      "pb": "72.0",
      "-3 SD": "7.1",
      "-2 SD": "7.7",
      "-1 SD": "8.3",
      "Median": "9.0",
      "+1 SD": "9.8",
      "+2 SD": "10.7",
      "+3 SD": "11.7"
    },
    {
      "pb": "72.5",
      "-3 SD": "7.2",
      "-2 SD": "7.8",
      "-1 SD": "8.4",
      "Median": "9.1",
      "+1 SD": "9.9",
      "+2 SD": "10.8",
      "+3 SD": "11.8"
    },
    {
      "pb": "73.0",
      "-3 SD": "7.3",
      "-2 SD": "7.9",
      "-1 SD": "8.5",
      "Median": "9.2",
      "+1 SD": "10.0",
      "+2 SD": "11.0",
      "+3 SD": "12.0"
    },
    {
      "pb": "73.5",
      "-3 SD": "7.4",
      "-2 SD": "7.9",
      "-1 SD": "8.6",
      "Median": "9.3",
      "+1 SD": "10.2",
      "+2 SD": "11.1",
      "+3 SD": "12.1"
    },
    {
      "pb": "74.0",
      "-3 SD": "7.4",
      "-2 SD": "8.0",
      "-1 SD": "8.7",
      "Median": "9.4",
      "+1 SD": "10.3",
      "+2 SD": "11.2",
      "+3 SD": "12.2"
    },
    {
      "pb": "74.5",
      "-3 SD": "7.5",
      "-2 SD": "8.1",
      "-1 SD": "8.8",
      "Median": "9.5",
      "+1 SD": "10.4",
      "+2 SD": "11.3",
      "+3 SD": "12.4"
    },
    {
      "pb": "75.0",
      "-3 SD": "7.6",
      "-2 SD": "8.2",
      "-1 SD": "8.9",
      "Median": "9.6",
      "+1 SD": "10.5",
      "+2 SD": "11.4",
      "+3 SD": "12.5"
    },
    {
      "pb": "75.5",
      "-3 SD": "7.7",
      "-2 SD": "8.3",
      "-1 SD": "9.0",
      "Median": "9.7",
      "+1 SD": "10.6",
      "+2 SD": "11.6",
      "+3 SD": "12.6"
    },
    {
      "pb": "76.0",
      "-3 SD": "7.7",
      "-2 SD": "8.4",
      "-1 SD": "9.1",
      "Median": "9.8",
      "+1 SD": "10.7",
      "+2 SD": "11.7",
      "+3 SD": "12.8"
    },
    {
      "pb": "76.5",
      "-3 SD": "7.8",
      "-2 SD": "8.5",
      "-1 SD": "9.2",
      "Median": "9.9",
      "+1 SD": "10.8",
      "+2 SD": "11.8",
      "+3 SD": "12.9"
    },
    {
      "pb": "77.0",
      "-3 SD": "7.9",
      "-2 SD": "8.5",
      "-1 SD": "9.2",
      "Median": "10.0",
      "+1 SD": "10.9",
      "+2 SD": "11.9",
      "+3 SD": "13.0"
    },
    {
      "pb": "77.5",
      "-3 SD": "8.0",
      "-2 SD": "8.6",
      "-1 SD": "9.3",
      "Median": "10.1",
      "+1 SD": "11.0",
      "+2 SD": "12.0",
      "+3 SD": "13.1"
    },
    {
      "pb": "78.0",
      "-3 SD": "8.0",
      "-2 SD": "8.7",
      "-1 SD": "9.4",
      "Median": "10.2",
      "+1 SD": "11.1",
      "+2 SD": "12.1",
      "+3 SD": "13.3"
    },
    {
      "pb": "78.5",
      "-3 SD": "8.1",
      "-2 SD": "8.8",
      "-1 SD": "9.5",
      "Median": "10.3",
      "+1 SD": "11.2",
      "+2 SD": "12.2",
      "+3 SD": "13.4"
    },
    {
      "pb": "79.0",
      "-3 SD": "8.2",
      "-2 SD": "8.8",
      "-1 SD": "9.6",
      "Median": "10.4",
      "+1 SD": "11.3",
      "+2 SD": "12.3",
      "+3 SD": "13.5"
    },
    {
      "pb": "79.5",
      "-3 SD": "8.3",
      "-2 SD": "8.9",
      "-1 SD": "9.7",
      "Median": "10.5",
      "+1 SD": "11.4",
      "+2 SD": "12.4",
      "+3 SD": "13.6"
    },
    {
      "pb": "80.0",
      "-3 SD": "8.3",
      "-2 SD": "9.0",
      "-1 SD": "9.7",
      "Median": "10.6",
      "+1 SD": "11.5",
      "+2 SD": "12.6",
      "+3 SD": "13.7"
    },
    {
      "pb": "80.5",
      "-3 SD": "8.4",
      "-2 SD": "9.1",
      "-1 SD": "9.8",
      "Median": "10.7",
      "+1 SD": "11.6",
      "+2 SD": "12.7",
      "+3 SD": "13.8"
    },
    {
      "pb": "81.0",
      "-3 SD": "8.5",
      "-2 SD": "9.2",
      "-1 SD": "9.9",
      "Median": "10.8",
      "+1 SD": "11.7",
      "+2 SD": "12.8",
      "+3 SD": "14.0"
    },
    {
      "pb": "81.5",
      "-3 SD": "8.6",
      "-2 SD": "9.3",
      "-1 SD": "10.0",
      "Median": "10.9",
      "+1 SD": "11.8",
      "+2 SD": "12.9",
      "+3 SD": "14.1"
    },
    {
      "pb": "82.0",
      "-3 SD": "8.7",
      "-2 SD": "9.3",
      "-1 SD": "10.1",
      "Median": "11.0",
      "+1 SD": "11.9",
      "+2 SD": "13.0",
      "+3 SD": "14.2"
    },
    {
      "pb": "82.5",
      "-3 SD": "8.7",
      "-2 SD": "9.4",
      "-1 SD": "10.2",
      "Median": "11.1",
      "+1 SD": "12.1",
      "+2 SD": "13.1",
      "+3 SD": "14.4"
    },
    {
      "pb": "83.0",
      "-3 SD": "8.8",
      "-2 SD": "9.5",
      "-1 SD": "10.3",
      "Median": "11.2",
      "+1 SD": "12.2",
      "+2 SD": "13.3",
      "+3 SD": "14.5"
    },
    {
      "pb": "83.5",
      "-3 SD": "8.9",
      "-2 SD": "9.6",
      "-1 SD": "10.4",
      "Median": "11.3",
      "+1 SD": "12.3",
      "+2 SD": "13.4",
      "+3 SD": "14.6"
    },
    {
      "pb": "84.0",
      "-3 SD": "9.0",
      "-2 SD": "9.7",
      "-1 SD": "10.5",
      "Median": "11.4",
      "+1 SD": "12.4",
      "+2 SD": "13.5",
      "+3 SD": "14.8"
    },
    {
      "pb": "84.5",
      "-3 SD": "9.1",
      "-2 SD": "9.9",
      "-1 SD": "10.7",
      "Median": "11.5",
      "+1 SD": "12.5",
      "+2 SD": "13.7",
      "+3 SD": "14.9"
    },
    {
      "pb": "85.0",
      "-3 SD": "9.2",
      "-2 SD": "10.0",
      "-1 SD": "10.8",
      "Median": "11.7",
      "+1 SD": "12.7",
      "+2 SD": "13.8",
      "+3 SD": "15.1"
    },
    {
      "pb": "85.5",
      "-3 SD": "9.3",
      "-2 SD": "10.1",
      "-1 SD": "10.9",
      "Median": "11.8",
      "+1 SD": "12.8",
      "+2 SD": "13.9",
      "+3 SD": "15.2"
    },
    {
      "pb": "86.0",
      "-3 SD": "9.4",
      "-2 SD": "10.2",
      "-1 SD": "11.0",
      "Median": "11.9",
      "+1 SD": "12.9",
      "+2 SD": "14.1",
      "+3 SD": "15.4"
    },
    {
      "pb": "86.5",
      "-3 SD": "9.5",
      "-2 SD": "10.3",
      "-1 SD": "11.1",
      "Median": "12.0",
      "+1 SD": "13.1",
      "+2 SD": "14.2",
      "+3 SD": "15.5"
    },
    {
      "pb": "87.0",
      "-3 SD": "9.6",
      "-2 SD": "10.4",
      "-1 SD": "11.2",
      "Median": "12.2",
      "+1 SD": "13.2",
      "+2 SD": "14.4",
      "+3 SD": "15.7"
    },
    {
      "pb": "87.5",
      "-3 SD": "9.7",
      "-2 SD": "10.5",
      "-1 SD": "11.3",
      "Median": "12.3",
      "+1 SD": "13.3",
      "+2 SD": "14.5",
      "+3 SD": "15.8"
    },
    {
      "pb": "88.0",
      "-3 SD": "9.8",
      "-2 SD": "10.6",
      "-1 SD": "11.5",
      "Median": "12.4",
      "+1 SD": "13.5",
      "+2 SD": "14.7",
      "+3 SD": "16.0"
    },
    {
      "pb": "88.5",
      "-3 SD": "9.9",
      "-2 SD": "10.7",
      "-1 SD": "11.6",
      "Median": "12.5",
      "+1 SD": "13.6",
      "+2 SD": "14.8",
      "+3 SD": "16.1"
    },
    {
      "pb": "89.0",
      "-3 SD": "10.0",
      "-2 SD": "10.8",
      "-1 SD": "11.7",
      "Median": "12.6",
      "+1 SD": "13.7",
      "+2 SD": "14.9",
      "+3 SD": "16.3"
    },
    {
      "pb": "89.5",
      "-3 SD": "10.1",
      "-2 SD": "10.9",
      "-1 SD": "11.8",
      "Median": "12.8",
      "+1 SD": "13.9",
      "+2 SD": "15.1",
      "+3 SD": "16.4"
    },
    {
      "pb": "90.0",
      "-3 SD": "10.2",
      "-2 SD": "11.0",
      "-1 SD": "11.9",
      "Median": "12.9",
      "+1 SD": "14.0",
      "+2 SD": "15.2",
      "+3 SD": "16.6"
    },
    {
      "pb": "90.5",
      "-3 SD": "10.3",
      "-2 SD": "11.1",
      "-1 SD": "12.0",
      "Median": "13.0",
      "+1 SD": "14.1",
      "+2 SD": "15.3",
      "+3 SD": "16.7"
    },
    {
      "pb": "91.0",
      "-3 SD": "10.4",
      "-2 SD": "11.2",
      "-1 SD": "12.1",
      "Median": "13.1",
      "+1 SD": "14.2",
      "+2 SD": "15.5",
      "+3 SD": "16.9"
    },
    {
      "pb": "91.5",
      "-3 SD": "10.5",
      "-2 SD": "11.3",
      "-1 SD": "12.2",
      "Median": "13.2",
      "+1 SD": "14.4",
      "+2 SD": "15.6",
      "+3 SD": "17.0"
    },
    {
      "pb": "92.0",
      "-3 SD": "10.6",
      "-2 SD": "11.4",
      "-1 SD": "12.3",
      "Median": "13.4",
      "+1 SD": "14.5",
      "+2 SD": "15.8",
      "+3 SD": "17.2"
    },
    {
      "pb": "92.5",
      "-3 SD": "10.7",
      "-2 SD": "11.5",
      "-1 SD": "12.4",
      "Median": "13.5",
      "+1 SD": "14.6",
      "+2 SD": "15.9",
      "+3 SD": "17.3"
    },
    {
      "pb": "93.0",
      "-3 SD": "10.8",
      "-2 SD": "11.6",
      "-1 SD": "12.6",
      "Median": "13.6",
      "+1 SD": "14.7",
      "+2 SD": "16.0",
      "+3 SD": "17.5"
    },
    {
      "pb": "93.5",
      "-3 SD": "10.9",
      "-2 SD": "11.7",
      "-1 SD": "12.7",
      "Median": "13.7",
      "+1 SD": "14.9",
      "+2 SD": "16.2",
      "+3 SD": "17.6"
    },
    {
      "pb": "94.0",
      "-3 SD": "11.0",
      "-2 SD": "11.8",
      "-1 SD": "12.8",
      "Median": "13.8",
      "+1 SD": "15.0",
      "+2 SD": "16.3",
      "+3 SD": "17.8"
    },
    {
      "pb": "94.5",
      "-3 SD": "11.1",
      "-2 SD": "11.9",
      "-1 SD": "12.9",
      "Median": "13.9",
      "+1 SD": "15.1",
      "+2 SD": "16.5",
      "+3 SD": "17.9"
    },
    {
      "pb": "95.0",
      "-3 SD": "11.1",
      "-2 SD": "12.0",
      "-1 SD": "13.0",
      "Median": "14.1",
      "+1 SD": "15.3",
      "+2 SD": "16.6",
      "+3 SD": "18.1"
    },
    {
      "pb": "95.5",
      "-3 SD": "11.2",
      "-2 SD": "12.1",
      "-1 SD": "13.1",
      "Median": "14.2",
      "+1 SD": "15.4",
      "+2 SD": "16.7",
      "+3 SD": "18.3"
    },
    {
      "pb": "96.0",
      "-3 SD": "11.3",
      "-2 SD": "12.2",
      "-1 SD": "13.2",
      "Median": "14.3",
      "+1 SD": "15.5",
      "+2 SD": "16.9",
      "+3 SD": "18.4"
    },
    {
      "pb": "96.5",
      "-3 SD": "11.4",
      "-2 SD": "12.3",
      "-1 SD": "13.3",
      "Median": "14.4",
      "+1 SD": "15.7",
      "+2 SD": "17.0",
      "+3 SD": "18.6"
    },
    {
      "pb": "97.0",
      "-3 SD": "11.5",
      "-2 SD": "12.4",
      "-1 SD": "13.4",
      "Median": "14.6",
      "+1 SD": "15.8",
      "+2 SD": "17.2",
      "+3 SD": "18.8"
    },
    {
      "pb": "97.5",
      "-3 SD": "11.6",
      "-2 SD": "12.5",
      "-1 SD": "13.6",
      "Median": "14.7",
      "+1 SD": "15.9",
      "+2 SD": "17.4",
      "+3 SD": "18.9"
    },
    {
      "pb": "98.0",
      "-3 SD": "11.7",
      "-2 SD": "12.6",
      "-1 SD": "13.7",
      "Median": "14.8",
      "+1 SD": "16.1",
      "+2 SD": "17.5",
      "+3 SD": "19.1"
    },
    {
      "pb": "98.5",
      "-3 SD": "11.8",
      "-2 SD": "12.8",
      "-1 SD": "13.8",
      "Median": "14.9",
      "+1 SD": "16.2",
      "+2 SD": "17.7",
      "+3 SD": "19.3"
    },
    {
      "pb": "99.0",
      "-3 SD": "11.9",
      "-2 SD": "12.9",
      "-1 SD": "13.9",
      "Median": "15.1",
      "+1 SD": "16.4",
      "+2 SD": "17.9",
      "+3 SD": "19.5"
    },
    {
      "pb": "99.5",
      "-3 SD": "12.0",
      "-2 SD": "13.0",
      "-1 SD": "14.0",
      "Median": "15.2",
      "+1 SD": "16.5",
      "+2 SD": "18.0",
      "+3 SD": "19.7"
    },
    {
      "pb": "100.0",
      "-3 SD": "12.1",
      "-2 SD": "13.1",
      "-1 SD": "14.2",
      "Median": "15.4",
      "+1 SD": "16.7",
      "+2 SD": "18.2",
      "+3 SD": "19.9"
    },
    {
      "pb": "100.5",
      "-3 SD": "12.2",
      "-2 SD": "13.2",
      "-1 SD": "14.3",
      "Median": "15.5",
      "+1 SD": "16.9",
      "+2 SD": "18.4",
      "+3 SD": "20.1"
    },
    {
      "pb": "101.0",
      "-3 SD": "12.3",
      "-2 SD": "13.3",
      "-1 SD": "14.4",
      "Median": "15.6",
      "+1 SD": "17.0",
      "+2 SD": "18.5",
      "+3 SD": "20.3"
    },
    {
      "pb": "101.5",
      "-3 SD": "12.4",
      "-2 SD": "13.4",
      "-1 SD": "14.5",
      "Median": "15.8",
      "+1 SD": "17.2",
      "+2 SD": "18.7",
      "+3 SD": "20.5"
    },
    {
      "pb": "102.0",
      "-3 SD": "12.5",
      "-2 SD": "13.6",
      "-1 SD": "14.7",
      "Median": "15.9",
      "+1 SD": "17.3",
      "+2 SD": "18.9",
      "+3 SD": "20.7"
    },
    {
      "pb": "102.5",
      "-3 SD": "12.6",
      "-2 SD": "13.7",
      "-1 SD": "14.8",
      "Median": "16.1",
      "+1 SD": "17.5",
      "+2 SD": "19.1",
      "+3 SD": "20.9"
    },
    {
      "pb": "103.0",
      "-3 SD": "12.8",
      "-2 SD": "13.8",
      "-1 SD": "14.9",
      "Median": "16.2",
      "+1 SD": "17.7",
      "+2 SD": "19.3",
      "+3 SD": "21.1"
    },
    {
      "pb": "103.5",
      "-3 SD": "12.9",
      "-2 SD": "13.9",
      "-1 SD": "15.1",
      "Median": "16.4",
      "+1 SD": "17.8",
      "+2 SD": "19.5",
      "+3 SD": "21.3"
    },
    {
      "pb": "104.0",
      "-3 SD": "13.0",
      "-2 SD": "14.0",
      "-1 SD": "15.2",
      "Median": "16.5",
      "+1 SD": "18.0",
      "+2 SD": "19.7",
      "+3 SD": "21.6"
    },
    {
      "pb": "104.5",
      "-3 SD": "13.1",
      "-2 SD": "14.2",
      "-1 SD": "15.4",
      "Median": "16.7",
      "+1 SD": "18.2",
      "+2 SD": "19.9",
      "+3 SD": "21.8"
    },
    {
      "pb": "105.0",
      "-3 SD": "13.2",
      "-2 SD": "14.3",
      "-1 SD": "15.5",
      "Median": "16.8",
      "+1 SD": "18.4",
      "+2 SD": "20.1",
      "+3 SD": "22.0"
    },
    {
      "pb": "105.5",
      "-3 SD": "13.3",
      "-2 SD": "14.4",
      "-1 SD": "15.6",
      "Median": "17.0",
      "+1 SD": "18.5",
      "+2 SD": "20.3",
      "+3 SD": "22.2"
    },
    {
      "pb": "106.0",
      "-3 SD": "13.4",
      "-2 SD": "14.5",
      "-1 SD": "15.8",
      "Median": "17.2",
      "+1 SD": "18.7",
      "+2 SD": "20.5",
      "+3 SD": "22.5"
    },
    {
      "pb": "106.5",
      "-3 SD": "13.5",
      "-2 SD": "14.7",
      "-1 SD": "15.9",
      "Median": "17.3",
      "+1 SD": "18.9",
      "+2 SD": "20.7",
      "+3 SD": "22.7"
    },
    {
      "pb": "107.0",
      "-3 SD": "13.7",
      "-2 SD": "14.8",
      "-1 SD": "16.1",
      "Median": "17.5",
      "+1 SD": "19.1",
      "+2 SD": "20.9",
      "+3 SD": "22.9"
    },
    {
      "pb": "107.5",
      "-3 SD": "13.8",
      "-2 SD": "14.9",
      "-1 SD": "16.2",
      "Median": "17.7",
      "+1 SD": "19.3",
      "+2 SD": "21.1",
      "+3 SD": "23.2"
    },
    {
      "pb": "108.0",
      "-3 SD": "13.9",
      "-2 SD": "15.1",
      "-1 SD": "16.4",
      "Median": "17.8",
      "+1 SD": "19.5",
      "+2 SD": "21.3",
      "+3 SD": "23.4"
    },
    {
      "pb": "108.5",
      "-3 SD": "14.0",
      "-2 SD": "15.2",
      "-1 SD": "16.5",
      "Median": "18.0",
      "+1 SD": "19.7",
      "+2 SD": "21.5",
      "+3 SD": "23.7"
    },
    {
      "pb": "109.0",
      "-3 SD": "14.1",
      "-2 SD": "15.3",
      "-1 SD": "16.7",
      "Median": "18.2",
      "+1 SD": "19.8",
      "+2 SD": "21.8",
      "+3 SD": "23.9"
    },
    {
      "pb": "109.5",
      "-3 SD": "14.3",
      "-2 SD": "15.5",
      "-1 SD": "16.8",
      "Median": "18.3",
      "+1 SD": "20.0",
      "+2 SD": "22.0",
      "+3 SD": "24.2"
    },
    {
      "pb": "110.0",
      "-3 SD": "14.4",
      "-2 SD": "15.6",
      "-1 SD": "17.0",
      "Median": "18.5",
      "+1 SD": "20.2",
      "+2 SD": "22.2",
      "+3 SD": "24.4"
    },
    {
      "pb": "110.5",
      "-3 SD": "14.5",
      "-2 SD": "15.8",
      "-1 SD": "17.1",
      "Median": "18.7",
      "+1 SD": "20.4",
      "+2 SD": "22.4",
      "+3 SD": "24.7"
    },
    {
      "pb": "111.0",
      "-3 SD": "14.6",
      "-2 SD": "15.9",
      "-1 SD": "17.3",
      "Median": "18.9",
      "+1 SD": "20.7",
      "+2 SD": "22.7",
      "+3 SD": "25.0"
    },
    {
      "pb": "111.5",
      "-3 SD": "14.8",
      "-2 SD": "16.0",
      "-1 SD": "17.5",
      "Median": "19.1",
      "+1 SD": "20.9",
      "+2 SD": "22.9",
      "+3 SD": "25.2"
    },
    {
      "pb": "112.0",
      "-3 SD": "14.9",
      "-2 SD": "16.2",
      "-1 SD": "17.6",
      "Median": "19.2",
      "+1 SD": "21.1",
      "+2 SD": "23.1",
      "+3 SD": "25.5"
    },
    {
      "pb": "112.5",
      "-3 SD": "15.0",
      "-2 SD": "16.3",
      "-1 SD": "17.8",
      "Median": "19.4",
      "+1 SD": "21.3",
      "+2 SD": "23.4",
      "+3 SD": "25.8"
    },
    {
      "pb": "113.0",
      "-3 SD": "15.2",
      "-2 SD": "16.5",
      "-1 SD": "18.0",
      "Median": "19.6",
      "+1 SD": "21.5",
      "+2 SD": "23.6",
      "+3 SD": "26.0"
    },
    {
      "pb": "113.5",
      "-3 SD": "15.3",
      "-2 SD": "16.6",
      "-1 SD": "18.1",
      "Median": "19.8",
      "+1 SD": "21.7",
      "+2 SD": "23.9",
      "+3 SD": "26.3"
    },
    {
      "pb": "114.0",
      "-3 SD": "15.4",
      "-2 SD": "16.8",
      "-1 SD": "18.3",
      "Median": "20.0",
      "+1 SD": "21.9",
      "+2 SD": "24.1",
      "+3 SD": "26.6"
    },
    {
      "pb": "114.5",
      "-3 SD": "15.6",
      "-2 SD": "16.9",
      "-1 SD": "18.5",
      "Median": "20.2",
      "+1 SD": "22.1",
      "+2 SD": "24.4",
      "+3 SD": "26.9"
    },
    {
      "pb": "115.0",
      "-3 SD": "15.7",
      "-2 SD": "17.1",
      "-1 SD": "18.6",
      "Median": "20.4",
      "+1 SD": "22.4",
      "+2 SD": "24.6",
      "+3 SD": "27.2"
    },
    {
      "pb": "115.5",
      "-3 SD": "15.8",
      "-2 SD": "17.2",
      "-1 SD": "18.8",
      "Median": "20.6",
      "+1 SD": "22.6",
      "+2 SD": "24.9",
      "+3 SD": "27.5"
    },
    {
      "pb": "116.0",
      "-3 SD": "16.0",
      "-2 SD": "17.4",
      "-1 SD": "19.0",
      "Median": "20.8",
      "+1 SD": "22.8",
      "+2 SD": "25.1",
      "+3 SD": "27.8"
    },
    {
      "pb": "116.5",
      "-3 SD": "16.1",
      "-2 SD": "17.5",
      "-1 SD": "19.2",
      "Median": "21.0",
      "+1 SD": "23.0",
      "+2 SD": "25.4",
      "+3 SD": "28.0"
    },
    {
      "pb": "117.0",
      "-3 SD": "16.2",
      "-2 SD": "17.7",
      "-1 SD": "19.3",
      "Median": "21.2",
      "+1 SD": "23.3",
      "+2 SD": "25.6",
      "+3 SD": "28.3"
    },
    {
      "pb": "117.5",
      "-3 SD": "16.4",
      "-2 SD": "17.9",
      "-1 SD": "19.5",
      "Median": "21.4",
      "+1 SD": "23.5",
      "+2 SD": "25.9",
      "+3 SD": "28.6"
    },
    {
      "pb": "118.0",
      "-3 SD": "16.5",
      "-2 SD": "18.0",
      "-1 SD": "19.7",
      "Median": "21.6",
      "+1 SD": "23.7",
      "+2 SD": "26.1",
      "+3 SD": "28.9"
    },
    {
      "pb": "118.5",
      "-3 SD": "16.7",
      "-2 SD": "18.2",
      "-1 SD": "19.9",
      "Median": "21.8",
      "+1 SD": "23.9",
      "+2 SD": "26.4",
      "+3 SD": "29.2"
    },
    {
      "pb": "119.0",
      "-3 SD": "16.8",
      "-2 SD": "18.3",
      "-1 SD": "20.0",
      "Median": "22.0",
      "+1 SD": "24.1",
      "+2 SD": "26.6",
      "+3 SD": "29.5"
    },
    {
      "pb": "119.5",
      "-3 SD": "16.9",
      "-2 SD": "18.5",
      "-1 SD": "20.2",
      "Median": "22.2",
      "+1 SD": "24.4",
      "+2 SD": "26.9",
      "+3 SD": "29.8"
    },
    {
      "pb": "120.0",
      "-3 SD": "17.1",
      "-2 SD": "18.6",
      "-1 SD": "20.4",
      "Median": "22.4",
      "+1 SD": "24.6",
      "+2 SD": "27.2",
      "+3 SD": "30.1"
    }
  ]
}
