{
  "data": [
    {
      "Umur": "0",
      "-3 SD": "2.0",
      "-2 SD": "2.4",
      "-1 SD": "2.8",
      "Median": "3.2",
      "+1 SD": "3.7",
      "+2 SD": "4.2",
      "+3 SD": "4.8"
    },
    {
      "Umur": "1",
      "-3 SD": "2.7",
      "-2 SD": "3.2",
      "-1 SD": "3.6",
      "Median": "4.2",
      "+1 SD": "4.8",
      "+2 SD": "5.5",
      "+3 SD": "6.2"
    },
    {
      "Umur": "2",
      "-3 SD": "3.4",
      "-2 SD": "3.9",
      "-1 SD": "4.5",
      "Median": "5.1",
      "+1 SD": "5.8",
      "+2 SD": "6.6",
      "+3 SD": "7.5"
    },
    {
      "Umur": "3",
      "-3 SD": "4.0",
      "-2 SD": "4.5",
      "-1 SD": "5.2",
      "Median": "5.8",
      "+1 SD": "6.6",
      "+2 SD": "7.5",
      "+3 SD": "8.5"
    },
    {
      "Umur": "4",
      "-3 SD": "4.4",
      "-2 SD": "5.0",
      "-1 SD": "5.7",
      "Median": "6.4",
      "+1 SD": "7.3",
      "+2 SD": "8.2",
      "+3 SD": "9.3"
    },
    {
      "Umur": "5",
      "-3 SD": "4.8",
      "-2 SD": "5.4",
      "-1 SD": "6.1",
      "Median": "6.9",
      "+1 SD": "7.8",
      "+2 SD": "8.8",
      "+3 SD": "10.0"
    },
    {
      "Umur": "6",
      "-3 SD": "5.1",
      "-2 SD": "5.7",
      "-1 SD": "6.5",
      "Median": "7.3",
      "+1 SD": "8.2",
      "+2 SD": "9.3",
      "+3 SD": "10.6"
    },
    {
      "Umur": "7",
      "-3 SD": "5.3",
      "-2 SD": "6.0",
      "-1 SD": "6.8",
      "Median": "7.6",
      "+1 SD": "8.6",
      "+2 SD": "9.8",
      "+3 SD": "11.1"
    },
    {
      "Umur": "8",
      "-3 SD": "5.6",
      "-2 SD": "6.3",
      "-1 SD": "7.0",
      "Median": "7.9",
      "+1 SD": "9.0",
      "+2 SD": "10.2",
      "+3 SD": "11.6"
    },
    {
      "Umur": "9",
      "-3 SD": "5.8",
      "-2 SD": "6.5",
      "-1 SD": "7.3",
      "Median": "8.2",
      "+1 SD": "9.3",
      "+2 SD": "10.5",
      "+3 SD": "12.0"
    },
    {
      "Umur": "10",
      "-3 SD": "5.9",
      "-2 SD": "6.7",
      "-1 SD": "7.5",
      "Median": "8.5",
      "+1 SD": "9.6",
      "+2 SD": "10.9",
      "+3 SD": "12.4"
    },
    {
      "Umur": "11",
      "-3 SD": "6.1",
      "-2 SD": "6.9",
      "-1 SD": "7.7",
      "Median": "8.7",
      "+1 SD": "9.9",
      "+2 SD": "11.2",
      "+3 SD": "12.8"
    },
    {
      "Umur": "12",
      "-3 SD": "6.3",
      "-2 SD": "7.0",
      "-1 SD": "7.9",
      "Median": "8.9",
      "+1 SD": "10.1",
      "+2 SD": "11.5",
      "+3 SD": "13.1"
    },
    {
      "Umur": "13",
      "-3 SD": "6.4",
      "-2 SD": "7.2",
      "-1 SD": "8.1",
      "Median": "9.2",
      "+1 SD": "10.4",
      "+2 SD": "11.8",
      "+3 SD": "13.5"
    },
    {
      "Umur": "14",
      "-3 SD": "6.6",
      "-2 SD": "7.4",
      "-1 SD": "8.3",
      "Median": "9.4",
      "+1 SD": "10.6",
      "+2 SD": "12.1",
      "+3 SD": "13.8"
    },
    {
      "Umur": "15",
      "-3 SD": "6.7",
      "-2 SD": "7.6",
      "-1 SD": "8.5",
      "Median": "9.6",
      "+1 SD": "10.9",
      "+2 SD": "12.4",
      "+3 SD": "14.1"
    },
    {
      "Umur": "16",
      "-3 SD": "6.9",
      "-2 SD": "7.7",
      "-1 SD": "8.7",
      "Median": "9.8",
      "+1 SD": "11.1",
      "+2 SD": "12.6",
      "+3 SD": "14.5"
    },
    {
      "Umur": "17",
      "-3 SD": "7.0",
      "-2 SD": "7.9",
      "-1 SD": "8.9",
      "Median": "10.0",
      "+1 SD": "11.4",
      "+2 SD": "12.9",
      "+3 SD": "14.8"
    },
    {
      "Umur": "18",
      "-3 SD": "7.2",
      "-2 SD": "8.1",
      "-1 SD": "9.1",
      "Median": "10.2",
      "+1 SD": "11.6",
      "+2 SD": "13.2",
      "+3 SD": "15.1"
    },
    {
      "Umur": "19",
      "-3 SD": "7.3",
      "-2 SD": "8.2",
      "-1 SD": "9.2",
      "Median": "10.4",
      "+1 SD": "11.8",
      "+2 SD": "13.5",
      "+3 SD": "15.4"
    },
    {
      "Umur": "20",
      "-3 SD": "7.5",
      "-2 SD": "8.4",
      "-1 SD": "9.4",
      "Median": "10.6",
      "+1 SD": "12.1",
      "+2 SD": "13.7",
      "+3 SD": "15.7"
    },
    {
      "Umur": "21",
      "-3 SD": "7.6",
      "-2 SD": "8.6",
      "-1 SD": "9.6",
      "Median": "10.9",
      "+1 SD": "12.3",
      "+2 SD": "14.0",
      "+3 SD": "16.0"
    },
    {
      "Umur": "22",
      "-3 SD": "7.8",
      "-2 SD": "8.7",
      "-1 SD": "9.8",
      "Median": "11.1",
      "+1 SD": "12.5",
      "+2 SD": "14.3",
      "+3 SD": "16.4"
    },
    {
      "Umur": "23",
      "-3 SD": "7.9",
      "-2 SD": "8.9",
      "-1 SD": "10.0",
      "Median": "11.3",
      "+1 SD": "12.8",
      "+2 SD": "14.6",
      "+3 SD": "16.7"
    },
    {
      "Umur": "24",
      "-3 SD": "8.1",
      "-2 SD": "9.0",
      "-1 SD": "10.2",
      "Median": "11.5",
      "+1 SD": "13.0",
      "+2 SD": "14.8",
      "+3 SD": "17.0"
    },
    {
      "Umur": "25",
      "-3 SD": "8.2",
      "-2 SD": "9.2",
      "-1 SD": "10.3",
      "Median": "11.7",
      "+1 SD": "13.3",
      "+2 SD": "15.1",
      "+3 SD": "17.3"
    },
    {
      "Umur": "26",
      "-3 SD": "8.4",
      "-2 SD": "9.4",
      "-1 SD": "10.5",
      "Median": "11.9",
      "+1 SD": "13.5",
      "+2 SD": "15.4",
      "+3 SD": "17.7"
    },
    {
      "Umur": "27",
      "-3 SD": "8.5",
      "-2 SD": "9.5",
      "-1 SD": "10.7",
      "Median": "12.1",
      "+1 SD": "13.7",
      "+2 SD": "15.7",
      "+3 SD": "18.0"
    },
    {
      "Umur": "28",
      "-3 SD": "8.6",
      "-2 SD": "9.7",
      "-1 SD": "10.9",
      "Median": "12.3",
      "+1 SD": "14.0",
      "+2 SD": "16.0",
      "+3 SD": "18.3"
    },
    {
      "Umur": "29",
      "-3 SD": "8.8",
      "-2 SD": "9.8",
      "-1 SD": "11.1",
      "Median": "12.5",
      "+1 SD": "14.2",
      "+2 SD": "16.2",
      "+3 SD": "18.7"
    },
    {
      "Umur": "30",
      "-3 SD": "8.9",
      "-2 SD": "10.0",
      "-1 SD": "11.2",
      "Median": "12.7",
      "+1 SD": "14.4",
      "+2 SD": "16.5",
      "+3 SD": "19.0"
    },
    {
      "Umur": "31",
      "-3 SD": "9.0",
      "-2 SD": "10.1",
      "-1 SD": "11.4",
      "Median": "12.9",
      "+1 SD": "14.7",
      "+2 SD": "16.8",
      "+3 SD": "19.3"
    },
    {
      "Umur": "32",
      "-3 SD": "9.1",
      "-2 SD": "10.3",
      "-1 SD": "11.6",
      "Median": "13.1",
      "+1 SD": "14.9",
      "+2 SD": "17.1",
      "+3 SD": "19.6"
    },
    {
      "Umur": "33",
      "-3 SD": "9.3",
      "-2 SD": "10.4",
      "-1 SD": "11.7",
      "Median": "13.3",
      "+1 SD": "15.1",
      "+2 SD": "17.3",
      "+3 SD": "20.0"
    },
    {
      "Umur": "34",
      "-3 SD": "9.4",
      "-2 SD": "10.5",
      "-1 SD": "11.9",
      "Median": "13.5",
      "+1 SD": "15.4",
      "+2 SD": "17.6",
      "+3 SD": "20.3"
    },
    {
      "Umur": "35",
      "-3 SD": "9.5",
      "-2 SD": "10.7",
      "-1 SD": "12.0",
      "Median": "13.7",
      "+1 SD": "15.6",
      "+2 SD": "17.9",
      "+3 SD": "20.6"
    },
    {
      "Umur": "36",
      "-3 SD": "9.6",
      "-2 SD": "10.8",
      "-1 SD": "12.2",
      "Median": "13.9",
      "+1 SD": "15.8",
      "+2 SD": "18.1",
      "+3 SD": "20.9"
    },
    {
      "Umur": "37",
      "-3 SD": "9.7",
      "-2 SD": "10.9",
      "-1 SD": "12.4",
      "Median": "14.0",
      "+1 SD": "16.0",
      "+2 SD": "18.4",
      "+3 SD": "21.3"
    },
    {
      "Umur": "38",
      "-3 SD": "9.8",
      "-2 SD": "11.1",
      "-1 SD": "12.5",
      "Median": "14.2",
      "+1 SD": "16.3",
      "+2 SD": "18.7",
      "+3 SD": "21.6"
    },
    {
      "Umur": "39",
      "-3 SD": "9.9",
      "-2 SD": "11.2",
      "-1 SD": "12.7",
      "Median": "14.4",
      "+1 SD": "16.5",
      "+2 SD": "19.0",
      "+3 SD": "22.0"
    },
    {
      "Umur": "40",
      "-3 SD": "10.1",
      "-2 SD": "11.3",
      "-1 SD": "12.8",
      "Median": "14.6",
      "+1 SD": "16.7",
      "+2 SD": "19.2",
      "+3 SD": "22.3"
    },
    {
      "Umur": "41",
      "-3 SD": "10.2",
      "-2 SD": "11.5",
      "-1 SD": "13.0",
      "Median": "14.8",
      "+1 SD": "16.9",
      "+2 SD": "19.5",
      "+3 SD": "22.7"
    },
    {
      "Umur": "42",
      "-3 SD": "10.3",
      "-2 SD": "11.6",
      "-1 SD": "13.1",
      "Median": "15.0",
      "+1 SD": "17.2",
      "+2 SD": "19.8",
      "+3 SD": "23.0"
    },
    {
      "Umur": "43",
      "-3 SD": "10.4",
      "-2 SD": "11.7",
      "-1 SD": "13.3",
      "Median": "15.2",
      "+1 SD": "17.4",
      "+2 SD": "20.1",
      "+3 SD": "23.4"
    },
    {
      "Umur": "44",
      "-3 SD": "10.5",
      "-2 SD": "11.8",
      "-1 SD": "13.4",
      "Median": "15.3",
      "+1 SD": "17.6",
      "+2 SD": "20.4",
      "+3 SD": "23.7"
    },
    {
      "Umur": "45",
      "-3 SD": "10.6",
      "-2 SD": "12.0",
      "-1 SD": "13.6",
      "Median": "15.5",
      "+1 SD": "17.8",
      "+2 SD": "20.7",
      "+3 SD": "24.1"
    },
    {
      "Umur": "46",
      "-3 SD": "10.7",
      "-2 SD": "12.1",
      "-1 SD": "13.7",
      "Median": "15.7",
      "+1 SD": "18.1",
      "+2 SD": "20.9",
      "+3 SD": "24.5"
    },
    {
      "Umur": "47",
      "-3 SD": "10.8",
      "-2 SD": "12.2",
      "-1 SD": "13.9",
      "Median": "15.9",
      "+1 SD": "18.3",
      "+2 SD": "21.2",
      "+3 SD": "24.8"
    },
    {
      "Umur": "48",
      "-3 SD": "10.9",
      "-2 SD": "12.3",
      "-1 SD": "14.0",
      "Median": "16.1",
      "+1 SD": "18.5",
      "+2 SD": "21.5",
      "+3 SD": "25.2"
    },
    {
      "Umur": "49",
      "-3 SD": "11.0",
      "-2 SD": "12.4",
      "-1 SD": "14.2",
      "Median": "16.3",
      "+1 SD": "18.8",
      "+2 SD": "21.8",
      "+3 SD": "25.5"
    },
    {
      "Umur": "50",
      "-3 SD": "11.1",
      "-2 SD": "12.6",
      "-1 SD": "14.3",
      "Median": "16.4",
      "+1 SD": "19.0",
      "+2 SD": "22.1",
      "+3 SD": "25.9"
    },
    {
      "Umur": "51",
      "-3 SD": "11.2",
      "-2 SD": "12.7",
      "-1 SD": "14.5",
      "Median": "16.6",
      "+1 SD": "19.2",
      "+2 SD": "22.4",
      "+3 SD": "26.3"
    },
    {
      "Umur": "52",
      "-3 SD": "11.3",
      "-2 SD": "12.8",
      "-1 SD": "14.6",
      "Median": "16.8",
      "+1 SD": "19.4",
      "+2 SD": "22.6",
      "+3 SD": "26.6"
    },
    {
      "Umur": "53",
      "-3 SD": "11.4",
      "-2 SD": "12.9",
      "-1 SD": "14.8",
      "Median": "17.0",
      "+1 SD": "19.7",
      "+2 SD": "22.9",
      "+3 SD": "27.0"
    },
    {
      "Umur": "54",
      "-3 SD": "11.5",
      "-2 SD": "13.0",
      "-1 SD": "14.9",
      "Median": "17.2",
      "+1 SD": "19.9",
      "+2 SD": "23.2",
      "+3 SD": "27.4"
    },
    {
      "Umur": "55",
      "-3 SD": "11.6",
      "-2 SD": "13.2",
      "-1 SD": "15.1",
      "Median": "17.3",
      "+1 SD": "20.1",
      "+2 SD": "23.5",
      "+3 SD": "27.7"
    },
    {
      "Umur": "56",
      "-3 SD": "11.7",
      "-2 SD": "13.3",
      "-1 SD": "15.2",
      "Median": "17.5",
      "+1 SD": "20.3",
      "+2 SD": "23.8",
      "+3 SD": "28.1"
    },
    {
      "Umur": "57",
      "-3 SD": "11.8",
      "-2 SD": "13.4",
      "-1 SD": "15.3",
      "Median": "17.7",
      "+1 SD": "20.6",
      "+2 SD": "24.1",
      "+3 SD": "28.5"
    },
    {
      "Umur": "58",
      "-3 SD": "11.9",
      "-2 SD": "13.5",
      "-1 SD": "15.5",
      "Median": "17.9",
      "+1 SD": "20.8",
      "+2 SD": "24.4",
      "+3 SD": "28.8"
    },
    {
      "Umur": "59",
      "-3 SD": "12.0",
      "-2 SD": "13.6",
      "-1 SD": "15.6",
      "Median": "18.0",
      "+1 SD": "21.0",
      "+2 SD": "24.6",
      "+3 SD": "29.2"
    },
    {
      "Umur": "60",
      "-3 SD": "12.1",
      "-2 SD": "13.7",
      "-1 SD": "15.8",
      "Median": "18.2",
      "+1 SD": "21.2",
      "+2 SD": "24.9",
      "+3 SD": "29.5"
    }
  ]
}
