{
  "data": [
    {
      "Umur": "0",
      "-3 SD": "44.2",
      "-2 SD": "46.1",
      "-1 SD": "48.0",
      "Median": "49.9",
      "+1 SD": "51.8",
      "+2 SD": "53.7",
      "+3 SD": "55.6"
    },
    {
      "Umur": "1",
      "-3 SD": "48.9",
      "-2 SD": "50.8",
      "-1 SD": "52.8",
      "Median": "54.7",
      "+1 SD": "56.7",
      "+2 SD": "58.6",
      "+3 SD": "60.6"
    },
    {
      "Umur": "2",
      "-3 SD": "52.4",
      "-2 SD": "54.4",
      "-1 SD": "56.4",
      "Median": "58.4",
      "+1 SD": "60.4",
      "+2 SD": "62.4",
      "+3 SD": "64.4"
    },
    {
      "Umur": "3",
      "-3 SD": "55.3",
      "-2 SD": "57.3",
      "-1 SD": "59.4",
      "Median": "61.4",
      "+1 SD": "63.5",
      "+2 SD": "65.5",
      "+3 SD": "67.6"
    },
    {
      "Umur": "4",
      "-3 SD": "57.6",
      "-2 SD": "59.7",
      "-1 SD": "61.8",
      "Median": "63.9",
      "+1 SD": "66.0",
      "+2 SD": "68.0",
      "+3 SD": "70.1"
    },
    {
      "Umur": "5",
      "-3 SD": "59.6",
      "-2 SD": "61.7",
      "-1 SD": "63.8",
      "Median": "65.9",
      "+1 SD": "68.0",
      "+2 SD": "70.1",
      "+3 SD": "72.2"
    },
    {
      "Umur": "6",
      "-3 SD": "61.2",
      "-2 SD": "63.3",
      "-1 SD": "65.5",
      "Median": "67.6",
      "+1 SD": "69.8",
      "+2 SD": "71.9",
      "+3 SD": "74.0"
    },
    {
      "Umur": "7",
      "-3 SD": "62.7",
      "-2 SD": "64.8",
      "-1 SD": "67.0",
      "Median": "69.2",
      "+1 SD": "71.3",
      "+2 SD": "73.5",
      "+3 SD": "75.7"
    },
    {
      "Umur": "8",
      "-3 SD": "64.0",
      "-2 SD": "66.2",
      "-1 SD": "68.4",
      "Median": "70.6",
      "+1 SD": "72.8",
      "+2 SD": "75.0",
      "+3 SD": "77.2"
    },
    {
      "Umur": "9",
      "-3 SD": "65.2",
      "-2 SD": "67.5",
      "-1 SD": "69.7",
      "Median": "72.0",
      "+1 SD": "74.2",
      "+2 SD": "76.5",
      "+3 SD": "78.7"
    },
    {
      "Umur": "10",
      "-3 SD": "66.4",
      "-2 SD": "68.7",
      "-1 SD": "71.0",
      "Median": "73.3",
      "+1 SD": "75.6",
      "+2 SD": "77.9",
      "+3 SD": "80.1"
    },
    {
      "Umur": "11",
      "-3 SD": "67.6",
      "-2 SD": "69.9",
      "-1 SD": "72.2",
      "Median": "74.5",
      "+1 SD": "76.9",
      "+2 SD": "79.2",
      "+3 SD": "81.5"
    },
    {
      "Umur": "12",
      "-3 SD": "68.6",
      "-2 SD": "71.0",
      "-1 SD": "73.4",
      "Median": "75.7",
      "+1 SD": "78.1",
      "+2 SD": "80.5",
      "+3 SD": "82.9"
    },
    {
      "Umur": "13",
      "-3 SD": "69.6",
      "-2 SD": "72.1",
      "-1 SD": "74.5",
      "Median": "76.9",
      "+1 SD": "79.3",
      "+2 SD": "81.8",
      "+3 SD": "84.2"
    },
    {
      "Umur": "14",
      "-3 SD": "70.6",
      "-2 SD": "73.1",
      "-1 SD": "75.6",
      "Median": "78.0",
      "+1 SD": "80.5",
      "+2 SD": "83.0",
      "+3 SD": "85.5"
    },
    {
      "Umur": "15",
      "-3 SD": "71.6",
      "-2 SD": "74.1",
      "-1 SD": "76.6",
      "Median": "79.1",
      "+1 SD": "81.7",
      "+2 SD": "84.2",
      "+3 SD": "86.7"
    },
    {
      "Umur": "16",
      "-3 SD": "72.5",
      "-2 SD": "75.0",
      "-1 SD": "77.6",
      "Median": "80.2",
      "+1 SD": "82.8",
      "+2 SD": "85.4",
      "+3 SD": "88.0"
    },
    {
      "Umur": "17",
      "-3 SD": "73.3",
      "-2 SD": "76.0",
      "-1 SD": "78.6",
      "Median": "81.2",
      "+1 SD": "83.9",
      "+2 SD": "86.5",
      "+3 SD": "89.2"
    },
    {
      "Umur": "18",
      "-3 SD": "74.2",
      "-2 SD": "76.9",
      "-1 SD": "79.6",
      "Median": "82.3",
      "+1 SD": "85.0",
      "+2 SD": "87.7",
      "+3 SD": "90.4"
    },
    {
      "Umur": "19",
      "-3 SD": "75.0",
      "-2 SD": "77.7",
      "-1 SD": "80.5",
      "Median": "83.2",
      "+1 SD": "86.0",
      "+2 SD": "88.8",
      "+3 SD": "91.5"
    },
    {
      "Umur": "20",
      "-3 SD": "75.8",
      "-2 SD": "78.6",
      "-1 SD": "81.4",
      "Median": "84.2",
      "+1 SD": "87.0",
      "+2 SD": "89.8",
      "+3 SD": "92.6"
    },
    {
      "Umur": "21",
      "-3 SD": "76.5",
      "-2 SD": "79.4",
      "-1 SD": "82.3",
      "Median": "85.1",
      "+1 SD": "88.0",
      "+2 SD": "90.9",
      "+3 SD": "93.8"
    },
    {
      "Umur": "22",
      "-3 SD": "77.2",
      "-2 SD": "80.2",
      "-1 SD": "83.1",
      "Median": "86.0",
      "+1 SD": "89.0",
      "+2 SD": "91.9",
      "+3 SD": "94.9"
    },
    {
      "Umur": "23",
      "-3 SD": "78.0",
      "-2 SD": "81.0",
      "-1 SD": "83.9",
      "Median": "86.9",
      "+1 SD": "89.9",
      "+2 SD": "92.9",
      "+3 SD": "95.9"
    },
    {
      "Umur": "24",
      "-3 SD": "78.7",
      "-2 SD": "81.7",
      "-1 SD": "84.8",
      "Median": "87.8",
      "+1 SD": "90.9",
      "+2 SD": "93.9",
      "+3 SD": "97.0"
    }
  ]
}
