{
  "data": [
    {
      "Umur": "0",
      "-3 SD": "43.6",
      "-2 SD": "45.4",
      "-1 SD": "47.3",
      "Median": "49.1",
      "+1 SD": "51.0",
      "+2 SD": "52.9",
      "+3 SD": "54.7"
    },
    {
      "Umur": "1",
      "-3 SD": "47.8",
      "-2 SD": "49.8",
      "-1 SD": "51.7",
      "Median": "53.7",
      "+1 SD": "55.6",
      "+2 SD": "57.6",
      "+3 SD": "59.5"
    },
    {
      "Umur": "2",
      "-3 SD": "51.0",
      "-2 SD": "53.0",
      "-1 SD": "55.0",
      "Median": "57.1",
      "+1 SD": "59.1",
      "+2 SD": "61.1",
      "+3 SD": "63.2"
    },
    {
      "Umur": "3",
      "-3 SD": "53.5",
      "-2 SD": "55.6",
      "-1 SD": "57.7",
      "Median": "59.8",
      "+1 SD": "61.9",
      "+2 SD": "64.0",
      "+3 SD": "66.1"
    },
    {
      "Umur": "4",
      "-3 SD": "55.6",
      "-2 SD": "57.8",
      "-1 SD": "59.9",
      "Median": "62.1",
      "+1 SD": "64.3",
      "+2 SD": "66.4",
      "+3 SD": "68.6"
    },
    {
      "Umur": "5",
      "-3 SD": "57.4",
      "-2 SD": "59.6",
      "-1 SD": "61.8",
      "Median": "64.0",
      "+1 SD": "66.2",
      "+2 SD": "68.5",
      "+3 SD": "70.7"
    },
    {
      "Umur": "6",
      "-3 SD": "58.9",
      "-2 SD": "61.2",
      "-1 SD": "63.5",
      "Median": "65.7",
      "+1 SD": "68.0",
      "+2 SD": "70.3",
      "+3 SD": "72.5"
    },
    {
      "Umur": "7",
      "-3 SD": "60.3",
      "-2 SD": "62.7",
      "-1 SD": "65.0",
      "Median": "67.3",
      "+1 SD": "69.6",
      "+2 SD": "71.9",
      "+3 SD": "74.2"
    },
    {
      "Umur": "8",
      "-3 SD": "61.7",
      "-2 SD": "64.0",
      "-1 SD": "66.4",
      "Median": "68.7",
      "+1 SD": "71.1",
      "+2 SD": "73.5",
      "+3 SD": "75.8"
    },
    {
      "Umur": "9",
      "-3 SD": "62.9",
      "-2 SD": "65.3",
      "-1 SD": "67.7",
      "Median": "70.1",
      "+1 SD": "72.6",
      "+2 SD": "75.0",
      "+3 SD": "77.4"
    },
    {
      "Umur": "10",
      "-3 SD": "64.1",
      "-2 SD": "66.5",
      "-1 SD": "69.0",
      "Median": "71.5",
      "+1 SD": "73.9",
      "+2 SD": "76.4",
      "+3 SD": "78.9"
    },
    {
      "Umur": "11",
      "-3 SD": "65.2",
      "-2 SD": "67.7",
      "-1 SD": "70.3",
      "Median": "72.8",
      "+1 SD": "75.3",
      "+2 SD": "77.8",
      "+3 SD": "80.3"
    },
    {
      "Umur": "12",
      "-3 SD": "66.3",
      "-2 SD": "68.9",
      "-1 SD": "71.4",
      "Median": "74.0",
      "+1 SD": "76.6",
      "+2 SD": "79.2",
      "+3 SD": "81.7"
    },
    {
      "Umur": "13",
      "-3 SD": "67.3",
      "-2 SD": "70.0",
      "-1 SD": "72.6",
      "Median": "75.2",
      "+1 SD": "77.8",
      "+2 SD": "80.5",
      "+3 SD": "83.1"
    },
    {
      "Umur": "14",
      "-3 SD": "68.3",
      "-2 SD": "71.0",
      "-1 SD": "73.7",
      "Median": "76.4",
      "+1 SD": "79.1",
      "+2 SD": "81.7",
      "+3 SD": "84.4"
    },
    {
      "Umur": "15",
      "-3 SD": "69.3",
      "-2 SD": "72.0",
      "-1 SD": "74.8",
      "Median": "77.5",
      "+1 SD": "80.2",
      "+2 SD": "83.0",
      "+3 SD": "85.7"
    },
    {
      "Umur": "16",
      "-3 SD": "70.2",
      "-2 SD": "73.0",
      "-1 SD": "75.8",
      "Median": "78.6",
      "+1 SD": "81.4",
      "+2 SD": "84.2",
      "+3 SD": "87.0"
    },
    {
      "Umur": "17",
      "-3 SD": "71.1",
      "-2 SD": "74.0",
      "-1 SD": "76.8",
      "Median": "79.7",
      "+1 SD": "82.5",
      "+2 SD": "85.4",
      "+3 SD": "88.2"
    },
    {
      "Umur": "18",
      "-3 SD": "72.0",
      "-2 SD": "74.9",
      "-1 SD": "77.8",
      "Median": "80.7",
      "+1 SD": "83.6",
      "+2 SD": "86.5",
      "+3 SD": "89.4"
    },
    {
      "Umur": "19",
      "-3 SD": "72.8",
      "-2 SD": "75.8",
      "-1 SD": "78.8",
      "Median": "81.7",
      "+1 SD": "84.7",
      "+2 SD": "87.6",
      "+3 SD": "90.6"
    },
    {
      "Umur": "20",
      "-3 SD": "73.7",
      "-2 SD": "76.7",
      "-1 SD": "79.7",
      "Median": "82.7",
      "+1 SD": "85.7",
      "+2 SD": "88.7",
      "+3 SD": "91.7"
    },
    {
      "Umur": "21",
      "-3 SD": "74.5",
      "-2 SD": "77.5",
      "-1 SD": "80.6",
      "Median": "83.7",
      "+1 SD": "86.7",
      "+2 SD": "89.8",
      "+3 SD": "92.9"
    },
    {
      "Umur": "22",
      "-3 SD": "75.2",
      "-2 SD": "78.4",
      "-1 SD": "81.5",
      "Median": "84.6",
      "+1 SD": "87.7",
      "+2 SD": "90.8",
      "+3 SD": "94.0"
    },
    {
      "Umur": "23",
      "-3 SD": "76.0",
      "-2 SD": "79.2",
      "-1 SD": "82.3",
      "Median": "85.5",
      "+1 SD": "88.7",
      "+2 SD": "91.9",
      "+3 SD": "95.0"
    },
    {
      "Umur": "24",
      "-3 SD": "76.7",
      "-2 SD": "80.0",
      "-1 SD": "83.2",
      "Median": "86.4",
      "+1 SD": "89.6",
      "+2 SD": "92.9",
      "+3 SD": "96.1"
    }
  ]
}
