{
  "data": [
    {
      "Umur": "24",
      "-3 SD": "78.0",
      "-2 SD": "81.0",
      "-1 SD": "84.1",
      "Median": "87.1",
      "+1 SD": "90.2",
      "+2 SD": "93.2",
      "+3 SD": "96.3"
    },
    {
      "Umur": "25",
      "-3 SD": "78.6",
      "-2 SD": "81.7",
      "-1 SD": "84.9",
      "Median": "88.0",
      "+1 SD": "91.1",
      "+2 SD": "94.2",
      "+3 SD": "97.3"
    },
    {
      "Umur": "26",
      "-3 SD": "79.3",
      "-2 SD": "82.5",
      "-1 SD": "85.6",
      "Median": "88.8",
      "+1 SD": "92.0",
      "+2 SD": "95.2",
      "+3 SD": "98.3"
    },
    {
      "Umur": "27",
      "-3 SD": "79.9",
      "-2 SD": "83.1",
      "-1 SD": "86.4",
      "Median": "89.6",
      "+1 SD": "92.9",
      "+2 SD": "96.1",
      "+3 SD": "99.3"
    },
    {
      "Umur": "28",
      "-3 SD": "80.5",
      "-2 SD": "83.8",
      "-1 SD": "87.1",
      "Median": "90.4",
      "+1 SD": "93.7",
      "+2 SD": "97.0",
      "+3 SD": "100.3"
    },
    {
      "Umur": "29",
      "-3 SD": "81.1",
      "-2 SD": "84.5",
      "-1 SD": "87.8",
      "Median": "91.2",
      "+1 SD": "94.5",
      "+2 SD": "97.9",
      "+3 SD": "101.2"
    },
    {
      "Umur": "30",
      "-3 SD": "81.7",
      "-2 SD": "85.1",
      "-1 SD": "88.5",
      "Median": "91.9",
      "+1 SD": "95.3",
      "+2 SD": "98.7",
      "+3 SD": "102.1"
    },
    {
      "Umur": "31",
      "-3 SD": "82.3",
      "-2 SD": "85.7",
      "-1 SD": "89.2",
      "Median": "92.7",
      "+1 SD": "96.1",
      "+2 SD": "99.6",
      "+3 SD": "103.0"
    },
    {
      "Umur": "32",
      "-3 SD": "82.8",
      "-2 SD": "86.4",
      "-1 SD": "89.9",
      "Median": "93.4",
      "+1 SD": "96.9",
      "+2 SD": "100.4",
      "+3 SD": "103.9"
    },
    {
      "Umur": "33",
      "-3 SD": "83.4",
      "-2 SD": "86.9",
      "-1 SD": "90.5",
      "Median": "94.1",
      "+1 SD": "97.6",
      "+2 SD": "101.2",
      "+3 SD": "104.8"
    },
    {
      "Umur": "34",
      "-3 SD": "83.9",
      "-2 SD": "87.5",
      "-1 SD": "91.1",
      "Median": "94.8",
      "+1 SD": "98.4",
      "+2 SD": "102.0",
      "+3 SD": "105.6"
    },
    {
      "Umur": "35",
      "-3 SD": "84.4",
      "-2 SD": "88.1",
      "-1 SD": "91.8",
      "Median": "95.4",
      "+1 SD": "99.1",
      "+2 SD": "102.7",
      "+3 SD": "106.4"
    },
    {
      "Umur": "36",
      "-3 SD": "85.0",
      "-2 SD": "88.7",
      "-1 SD": "92.4",
      "Median": "96.1",
      "+1 SD": "99.8",
      "+2 SD": "103.5",
      "+3 SD": "107.2"
    },
    {
      "Umur": "37",
      "-3 SD": "85.5",
      "-2 SD": "89.2",
      "-1 SD": "93.0",
      "Median": "96.7",
      "+1 SD": "100.5",
      "+2 SD": "104.2",
      "+3 SD": "108.0"
    },
    {
      "Umur": "38",
      "-3 SD": "86.0",
      "-2 SD": "89.8",
      "-1 SD": "93.6",
      "Median": "97.4",
      "+1 SD": "101.2",
      "+2 SD": "105.0",
      "+3 SD": "108.8"
    },
    {
      "Umur": "39",
      "-3 SD": "86.5",
      "-2 SD": "90.3",
      "-1 SD": "94.2",
      "Median": "98.0",
      "+1 SD": "101.8",
      "+2 SD": "105.7",
      "+3 SD": "109.5"
    },
    {
      "Umur": "40",
      "-3 SD": "87.0",
      "-2 SD": "90.9",
      "-1 SD": "94.7",
      "Median": "98.6",
      "+1 SD": "102.5",
      "+2 SD": "106.4",
      "+3 SD": "110.3"
    },
    {
      "Umur": "41",
      "-3 SD": "87.5",
      "-2 SD": "91.4",
      "-1 SD": "95.3",
      "Median": "99.2",
      "+1 SD": "103.2",
      "+2 SD": "107.1",
      "+3 SD": "111.0"
    },
    {
      "Umur": "42",
      "-3 SD": "88.0",
      "-2 SD": "91.9",
      "-1 SD": "95.9",
      "Median": "99.9",
      "+1 SD": "103.8",
      "+2 SD": "107.8",
      "+3 SD": "111.7"
    },
    {
      "Umur": "43",
      "-3 SD": "88.4",
      "-2 SD": "92.4",
      "-1 SD": "96.4",
      "Median": "100.4",
      "+1 SD": "104.5",
      "+2 SD": "108.5",
      "+3 SD": "112.5"
    },
    {
      "Umur": "44",
      "-3 SD": "88.9",
      "-2 SD": "93.0",
      "-1 SD": "97.0",
      "Median": "101.0",
      "+1 SD": "105.1",
      "+2 SD": "109.1",
      "+3 SD": "113.2"
    },
    {
      "Umur": "45",
      "-3 SD": "89.4",
      "-2 SD": "93.5",
      "-1 SD": "97.5",
      "Median": "101.6",
      "+1 SD": "105.7",
      "+2 SD": "109.8",
      "+3 SD": "113.9"
    },
    {
      "Umur": "46",
      "-3 SD": "89.8",
      "-2 SD": "94.0",
      "-1 SD": "98.1",
      "Median": "102.2",
      "+1 SD": "106.3",
      "+2 SD": "110.4",
      "+3 SD": "114.6"
    },
    {
      "Umur": "47",
      "-3 SD": "90.3",
      "-2 SD": "94.4",
      "-1 SD": "98.6",
      "Median": "102.8",
      "+1 SD": "106.9",
      "+2 SD": "111.1",
      "+3 SD": "115.2"
    },
    {
      "Umur": "48",
      "-3 SD": "90.7",
      "-2 SD": "94.9",
      "-1 SD": "99.1",
      "Median": "103.3",
      "+1 SD": "107.5",
      "+2 SD": "111.7",
      "+3 SD": "115.9"
    },
    {
      "Umur": "49",
      "-3 SD": "91.2",
      "-2 SD": "95.4",
      "-1 SD": "99.7",
      "Median": "103.9",
      "+1 SD": "108.1",
      "+2 SD": "112.4",
      "+3 SD": "116.6"
    },
    {
      "Umur": "50",
      "-3 SD": "91.6",
      "-2 SD": "95.9",
      "-1 SD": "100.2",
      "Median": "104.4",
      "+1 SD": "108.7",
      "+2 SD": "113.0",
      "+3 SD": "117.3"
    },
    {
      "Umur": "51",
      "-3 SD": "92.1",
      "-2 SD": "96.4",
      "-1 SD": "100.7",
      "Median": "105.0",
      "+1 SD": "109.3",
      "+2 SD": "113.6",
      "+3 SD": "117.9"
    },
    {
      "Umur": "52",
      "-3 SD": "92.5",
      "-2 SD": "96.9",
      "-1 SD": "101.2",
      "Median": "105.6",
      "+1 SD": "109.9",
      "+2 SD": "114.2",
      "+3 SD": "118.6"
    },
    {
      "Umur": "53",
      "-3 SD": "93.0",
      "-2 SD": "97.4",
      "-1 SD": "101.7",
      "Median": "106.1",
      "+1 SD": "110.5",
      "+2 SD": "114.9",
      "+3 SD": "119.2"
    },
    {
      "Umur": "54",
      "-3 SD": "93.4",
      "-2 SD": "97.8",
      "-1 SD": "102.3",
      "Median": "106.7",
      "+1 SD": "111.1",
      "+2 SD": "115.5",
      "+3 SD": "119.9"
    },
    {
      "Umur": "55",
      "-3 SD": "93.9",
      "-2 SD": "98.3",
      "-1 SD": "102.8",
      "Median": "107.2",
      "+1 SD": "111.7",
      "+2 SD": "116.1",
      "+3 SD": "120.6"
    },
    {
      "Umur": "56",
      "-3 SD": "94.3",
      "-2 SD": "98.8",
      "-1 SD": "103.3",
      "Median": "107.8",
      "+1 SD": "112.3",
      "+2 SD": "116.7",
      "+3 SD": "121.2"
    },
    {
      "Umur": "57",
      "-3 SD": "94.7",
      "-2 SD": "99.3",
      "-1 SD": "103.8",
      "Median": "108.3",
      "+1 SD": "112.8",
      "+2 SD": "117.4",
      "+3 SD": "121.9"
    },
    {
      "Umur": "58",
      "-3 SD": "95.2",
      "-2 SD": "99.7",
      "-1 SD": "104.3",
      "Median": "108.9",
      "+1 SD": "113.4",
      "+2 SD": "118.0",
      "+3 SD": "122.6"
    },
    {
      "Umur": "59",
      "-3 SD": "95.6",
      "-2 SD": "100.2",
      "-1 SD": "104.8",
      "Median": "109.4",
      "+1 SD": "114.0",
      "+2 SD": "118.6",
      "+3 SD": "123.2"
    },
    {
      "Umur": "60",
      "-3 SD": "96.1",
      "-2 SD": "100.7",
      "-1 SD": "105.3",
      "Median": "110.0",
      "+1 SD": "114.6",
      "+2 SD": "119.2",
      "+3 SD": "123.9"
    }
  ]
}
