{
  "data": [
    {
      "Umur": "24",
      "-3 SD": "76.0",
      "-2 SD": "79.3",
      "-1 SD": "82.5",
      "Median": "85.7",
      "+1 SD": "88.9",
      "+2 SD": "92.2",
      "+3 SD": "95.4"
    },
    {
      "Umur": "25",
      "-3 SD": "76.8",
      "-2 SD": "80.0",
      "-1 SD": "83.3",
      "Median": "86.6",
      "+1 SD": "89.9",
      "+2 SD": "93.1",
      "+3 SD": "96.4"
    },
    {
      "Umur": "26",
      "-3 SD": "77.5",
      "-2 SD": "80.8",
      "-1 SD": "84.1",
      "Median": "87.4",
      "+1 SD": "90.8",
      "+2 SD": "94.1",
      "+3 SD": "97.4"
    },
    {
      "Umur": "27",
      "-3 SD": "78.1",
      "-2 SD": "81.5",
      "-1 SD": "84.9",
      "Median": "88.3",
      "+1 SD": "91.7",
      "+2 SD": "95.0",
      "+3 SD": "98.4"
    },
    {
      "Umur": "28",
      "-3 SD": "78.8",
      "-2 SD": "82.2",
      "-1 SD": "85.7",
      "Median": "89.1",
      "+1 SD": "92.5",
      "+2 SD": "96.0",
      "+3 SD": "99.4"
    },
    {
      "Umur": "29",
      "-3 SD": "79.5",
      "-2 SD": "82.9",
      "-1 SD": "86.4",
      "Median": "89.9",
      "+1 SD": "93.4",
      "+2 SD": "96.9",
      "+3 SD": "100.3"
    },
    {
      "Umur": "30",
      "-3 SD": "80.1",
      "-2 SD": "83.6",
      "-1 SD": "87.1",
      "Median": "90.7",
      "+1 SD": "94.2",
      "+2 SD": "97.7",
      "+3 SD": "101.3"
    },
    {
      "Umur": "31",
      "-3 SD": "80.7",
      "-2 SD": "84.3",
      "-1 SD": "87.9",
      "Median": "91.4",
      "+1 SD": "95.0",
      "+2 SD": "98.6",
      "+3 SD": "102.2"
    },
    {
      "Umur": "32",
      "-3 SD": "81.3",
      "-2 SD": "84.9",
      "-1 SD": "88.6",
      "Median": "92.2",
      "+1 SD": "95.8",
      "+2 SD": "99.4",
      "+3 SD": "103.1"
    },
    {
      "Umur": "33",
      "-3 SD": "81.9",
      "-2 SD": "85.6",
      "-1 SD": "89.3",
      "Median": "92.9",
      "+1 SD": "96.6",
      "+2 SD": "100.3",
      "+3 SD": "103.9"
    },
    {
      "Umur": "34",
      "-3 SD": "82.5",
      "-2 SD": "86.2",
      "-1 SD": "89.9",
      "Median": "93.6",
      "+1 SD": "97.4",
      "+2 SD": "101.1",
      "+3 SD": "104.8"
    },
    {
      "Umur": "35",
      "-3 SD": "83.1",
      "-2 SD": "86.8",
      "-1 SD": "90.6",
      "Median": "94.4",
      "+1 SD": "98.1",
      "+2 SD": "101.9",
      "+3 SD": "105.6"
    },
    {
      "Umur": "36",
      "-3 SD": "83.6",
      "-2 SD": "87.4",
      "-1 SD": "91.2",
      "Median": "95.1",
      "+1 SD": "98.9",
      "+2 SD": "102.7",
      "+3 SD": "106.5"
    },
    {
      "Umur": "37",
      "-3 SD": "84.2",
      "-2 SD": "88.0",
      "-1 SD": "91.9",
      "Median": "95.7",
      "+1 SD": "99.6",
      "+2 SD": "103.4",
      "+3 SD": "107.3"
    },
    {
      "Umur": "38",
      "-3 SD": "84.7",
      "-2 SD": "88.6",
      "-1 SD": "92.5",
      "Median": "96.4",
      "+1 SD": "100.3",
      "+2 SD": "104.2",
      "+3 SD": "108.1"
    },
    {
      "Umur": "39",
      "-3 SD": "85.3",
      "-2 SD": "89.2",
      "-1 SD": "93.1",
      "Median": "97.1",
      "+1 SD": "101.0",
      "+2 SD": "105.0",
      "+3 SD": "108.9"
    },
    {
      "Umur": "40",
      "-3 SD": "85.8",
      "-2 SD": "89.8",
      "-1 SD": "93.8",
      "Median": "97.7",
      "+1 SD": "101.7",
      "+2 SD": "105.7",
      "+3 SD": "109.7"
    },
    {
      "Umur": "41",
      "-3 SD": "86.3",
      "-2 SD": "90.4",
      "-1 SD": "94.4",
      "Median": "98.4",
      "+1 SD": "102.4",
      "+2 SD": "106.4",
      "+3 SD": "110.5"
    },
    {
      "Umur": "42",
      "-3 SD": "86.8",
      "-2 SD": "90.9",
      "-1 SD": "95.0",
      "Median": "99.0",
      "+1 SD": "103.1",
      "+2 SD": "107.2",
      "+3 SD": "111.2"
    },
    {
      "Umur": "43",
      "-3 SD": "87.4",
      "-2 SD": "91.5",
      "-1 SD": "95.6",
      "Median": "99.7",
      "+1 SD": "103.8",
      "+2 SD": "107.9",
      "+3 SD": "112.0"
    },
    {
      "Umur": "44",
      "-3 SD": "87.9",
      "-2 SD": "92.0",
      "-1 SD": "96.2",
      "Median": "100.3",
      "+1 SD": "104.5",
      "+2 SD": "108.6",
      "+3 SD": "112.7"
    },
    {
      "Umur": "45",
      "-3 SD": "88.4",
      "-2 SD": "92.5",
      "-1 SD": "96.7",
      "Median": "100.9",
      "+1 SD": "105.1",
      "+2 SD": "109.3",
      "+3 SD": "113.5"
    },
    {
      "Umur": "46",
      "-3 SD": "88.9",
      "-2 SD": "93.1",
      "-1 SD": "97.3",
      "Median": "101.5",
      "+1 SD": "105.8",
      "+2 SD": "110.0",
      "+3 SD": "114.2"
    },
    {
      "Umur": "47",
      "-3 SD": "89.3",
      "-2 SD": "93.6",
      "-1 SD": "97.9",
      "Median": "102.1",
      "+1 SD": "106.4",
      "+2 SD": "110.7",
      "+3 SD": "114.9"
    },
    {
      "Umur": "48",
      "-3 SD": "89.8",
      "-2 SD": "94.1",
      "-1 SD": "98.4",
      "Median": "102.7",
      "+1 SD": "107.0",
      "+2 SD": "111.3",
      "+3 SD": "115.7"
    },
    {
      "Umur": "49",
      "-3 SD": "90.3",
      "-2 SD": "94.6",
      "-1 SD": "99.0",
      "Median": "103.3",
      "+1 SD": "107.7",
      "+2 SD": "112.0",
      "+3 SD": "116.4"
    },
    {
      "Umur": "50",
      "-3 SD": "90.7",
      "-2 SD": "95.1",
      "-1 SD": "99.5",
      "Median": "103.9",
      "+1 SD": "108.3",
      "+2 SD": "112.7",
      "+3 SD": "117.1"
    },
    {
      "Umur": "51",
      "-3 SD": "91.2",
      "-2 SD": "95.6",
      "-1 SD": "100.1",
      "Median": "104.5",
      "+1 SD": "108.9",
      "+2 SD": "113.3",
      "+3 SD": "117.7"
    },
    {
      "Umur": "52",
      "-3 SD": "91.7",
      "-2 SD": "96.1",
      "-1 SD": "100.6",
      "Median": "105.0",
      "+1 SD": "109.5",
      "+2 SD": "114.0",
      "+3 SD": "118.4"
    },
    {
      "Umur": "53",
      "-3 SD": "92.1",
      "-2 SD": "96.6",
      "-1 SD": "101.1",
      "Median": "105.6",
      "+1 SD": "110.1",
      "+2 SD": "114.6",
      "+3 SD": "119.1"
    },
    {
      "Umur": "54",
      "-3 SD": "92.6",
      "-2 SD": "97.1",
      "-1 SD": "101.6",
      "Median": "106.2",
      "+1 SD": "110.7",
      "+2 SD": "115.2",
      "+3 SD": "119.8"
    },
    {
      "Umur": "55",
      "-3 SD": "93.0",
      "-2 SD": "97.6",
      "-1 SD": "102.2",
      "Median": "106.7",
      "+1 SD": "111.3",
      "+2 SD": "115.9",
      "+3 SD": "120.4"
    },
    {
      "Umur": "56",
      "-3 SD": "93.4",
      "-2 SD": "98.1",
      "-1 SD": "102.7",
      "Median": "107.3",
      "+1 SD": "111.9",
      "+2 SD": "116.5",
      "+3 SD": "121.1"
    },
    {
      "Umur": "57",
      "-3 SD": "93.9",
      "-2 SD": "98.5",
      "-1 SD": "103.2",
      "Median": "107.8",
      "+1 SD": "112.5",
      "+2 SD": "117.1",
      "+3 SD": "121.8"
    },
    {
      "Umur": "58",
      "-3 SD": "94.3",
      "-2 SD": "99.0",
      "-1 SD": "103.7",
      "Median": "108.4",
      "+1 SD": "113.0",
      "+2 SD": "117.7",
      "+3 SD": "122.4"
    },
    {
      "Umur": "59",
      "-3 SD": "94.7",
      "-2 SD": "99.5",
      "-1 SD": "104.2",
      "Median": "108.9",
      "+1 SD": "113.6",
      "+2 SD": "118.3",
      "+3 SD": "123.1"
    },
    {
      "Umur": "60",
      "-3 SD": "95.2",
      "-2 SD": "99.9",
      "-1 SD": "104.7",
      "Median": "109.4",
      "+1 SD": "114.2",
      "+2 SD": "118.9",
      "+3 SD": "123.7"
    }
  ]
}
